SongID,SongTitle,ArtistName,StationSpinsNonOvernight,StationSpins,MarketSpins,BreakoutID,BreakoutName,BreaoutRespondents,UNF,NEG,DDL,NOP,LIK,FAV,POP,PTL,2POP
2265584,Shape Of You,SHEERAN  ED,2999,4046,20776,1,Total,80,1,11,20,15,32,20,70,71,80
2265584,Shape Of You,SHEERAN  ED,2999,4046,20776,317542,*Core*,40,2,10,10,20,35,22,79,81,90
2265584,Shape Of You,SHEERAN  ED,2999,4046,20776,427908,C-CORE (KKRZ/KBFF),80,1,11,20,15,32,20,70,71,80
2265584,Shape Of You,SHEERAN  ED,2999,4046,20776,412840,C-CORE(KBFFCumeKKRZ),25,0,12,32,12,32,12,56,56,62
2265584,Shape Of You,SHEERAN  ED,2999,4046,20776,414328,C-CUME (KBFF),55,2,9,25,16,31,16,64,65,72
2265584,Shape Of You,SHEERAN  ED,2999,4046,20776,427901,C-CUME (KKRZ/HAC-AC),46,2,15,24,11,30,17,62,63,71
2265584,Shape Of You,SHEERAN  ED,2999,4046,20776,427903,C-CUME (KKRZ/KKCW),31,3,16,26,10,26,19,60,62,69
2265584,Shape Of You,SHEERAN  ED,2999,4046,20776,427907,C-CUME (KKRZ/KNRK),15,7,13,27,13,13,27,60,64,73
2265584,Shape Of You,SHEERAN  ED,2999,4046,20776,427902,C-CUME (KKRZ/KRSK),26,0,12,23,19,35,12,62,62,67
2265584,Shape Of You,SHEERAN  ED,2999,4046,20776,427904,C-CUME (KKRZ/KXJM),30,0,13,23,23,33,7,55,55,58
2265584,Shape Of You,SHEERAN  ED,2999,4046,20776,427906,C-CUME (KKRZ/Rock),22,5,5,9,14,45,23,86,90,98
2265584,Shape Of You,SHEERAN  ED,2999,4046,20776,427900,CORE (KKRZcumeKBFF),15,7,0,13,33,33,13,70,75,77
2265584,Shape Of You,SHEERAN  ED,2999,4046,20776,427905,CORE (KKRZcumeKXJM),17,0,12,18,29,35,6,59,59,62
2265584,Shape Of You,SHEERAN  ED,2999,4046,20776,412841,F (16-19),22,0,9,32,5,36,18,66,66,75
2265584,Shape Of You,SHEERAN  ED,2999,4046,20776,412759,F (18-24),43,0,12,19,14,37,19,72,72,81
2265584,Shape Of You,SHEERAN  ED,2999,4046,20776,412412,F (20-24),30,0,13,13,20,37,17,72,72,80
2265584,Shape Of You,SHEERAN  ED,2999,4046,20776,412415,F (20-29),58,2,12,16,19,31,21,72,73,82
2265584,Shape Of You,SHEERAN  ED,2999,4046,20776,412413,F (25-29),28,4,11,18,18,25,25,71,74,84
2265584,Shape Of You,SHEERAN  ED,2999,4046,20776,400756,Hispanic,20,0,5,25,15,45,10,68,68,72
2265584,Shape Of You,SHEERAN  ED,2999,4046,20776,401515,*Old*,28,4,11,18,18,25,25,71,74,84
2265584,Shape Of You,SHEERAN  ED,2999,4046,20776,400803,White,52,2,13,17,13,31,23,72,74,84
2265584,Shape Of You,SHEERAN  ED,2999,4046,20776,401514,*Young*,52,0,12,21,13,37,17,69,69,78
2605093,Heat Waves,GLASS ANIMALS,508,769,4644,1,Total,80,12,11,8,19,32,18,68,78,77
2605093,Heat Waves,GLASS ANIMALS,508,769,4644,317542,*Core*,40,15,10,2,18,40,15,71,84,79
2605093,Heat Waves,GLASS ANIMALS,508,769,4644,427908,C-CORE (KKRZ/KBFF),80,12,11,8,19,32,18,68,78,77
2605093,Heat Waves,GLASS ANIMALS,508,769,4644,412840,C-CORE(KBFFCumeKKRZ),25,8,12,8,32,24,16,64,70,72
2605093,Heat Waves,GLASS ANIMALS,508,769,4644,414328,C-CUME (KBFF),55,13,13,11,18,27,18,64,73,73
2605093,Heat Waves,GLASS ANIMALS,508,769,4644,427901,C-CUME (KKRZ/HAC-AC),46,15,9,7,22,30,17,67,79,76
2605093,Heat Waves,GLASS ANIMALS,508,769,4644,427903,C-CUME (KKRZ/KKCW),31,13,3,6,23,32,23,77,89,89
2605093,Heat Waves,GLASS ANIMALS,508,769,4644,427907,C-CUME (KKRZ/KNRK),15,7,0,7,27,47,13,80,86,87
2605093,Heat Waves,GLASS ANIMALS,508,769,4644,427902,C-CUME (KKRZ/KRSK),26,19,8,4,27,31,12,62,76,67
2605093,Heat Waves,GLASS ANIMALS,508,769,4644,427904,C-CUME (KKRZ/KXJM),30,13,13,0,17,37,20,75,87,85
2605093,Heat Waves,GLASS ANIMALS,508,769,4644,427906,C-CUME (KKRZ/Rock),22,9,14,5,23,45,5,64,70,66
2605093,Heat Waves,GLASS ANIMALS,508,769,4644,427900,CORE (KKRZcumeKBFF),15,20,13,7,13,33,13,60,75,67
2605093,Heat Waves,GLASS ANIMALS,508,769,4644,427905,CORE (KKRZcumeKXJM),17,24,6,0,18,35,18,71,92,79
2605093,Heat Waves,GLASS ANIMALS,508,769,4644,412841,F (16-19),22,9,9,14,18,32,18,68,75,77
2605093,Heat Waves,GLASS ANIMALS,508,769,4644,412759,F (18-24),43,16,14,14,12,26,19,59,71,69
2605093,Heat Waves,GLASS ANIMALS,508,769,4644,412412,F (20-24),30,20,13,10,13,27,17,58,73,67
2605093,Heat Waves,GLASS ANIMALS,508,769,4644,412415,F (20-29),58,14,12,5,19,33,17,68,79,77
2605093,Heat Waves,GLASS ANIMALS,508,769,4644,412413,F (25-29),28,7,11,0,25,39,18,79,85,88
2605093,Heat Waves,GLASS ANIMALS,508,769,4644,400756,Hispanic,20,20,0,10,25,40,5,60,75,62
2605093,Heat Waves,GLASS ANIMALS,508,769,4644,401515,*Old*,28,7,11,0,25,39,18,79,85,88
2605093,Heat Waves,GLASS ANIMALS,508,769,4644,400803,White,52,12,15,6,15,33,19,69,78,79
2605093,Heat Waves,GLASS ANIMALS,508,769,4644,401514,*Young*,52,15,12,12,15,29,17,62,74,71
2580292,Kings & Queens,MAX  AVA,1443,1997,7686,1,Total,80,2,14,18,14,30,22,71,72,82
2580292,Kings & Queens,MAX  AVA,1443,1997,7686,317542,*Core*,40,2,20,12,12,32,20,69,71,79
2580292,Kings & Queens,MAX  AVA,1443,1997,7686,427908,C-CORE (KKRZ/KBFF),80,2,14,18,14,30,22,71,72,82
2580292,Kings & Queens,MAX  AVA,1443,1997,7686,412840,C-CORE(KBFFCumeKKRZ),25,0,8,24,8,32,28,78,78,92
2580292,Kings & Queens,MAX  AVA,1443,1997,7686,414328,C-CUME (KBFF),55,4,11,24,15,24,24,66,69,78
2580292,Kings & Queens,MAX  AVA,1443,1997,7686,427901,C-CUME (KKRZ/HAC-AC),46,2,15,24,7,24,28,70,71,84
2580292,Kings & Queens,MAX  AVA,1443,1997,7686,427903,C-CUME (KKRZ/KKCW),31,3,16,29,6,16,29,63,65,77
2580292,Kings & Queens,MAX  AVA,1443,1997,7686,427907,C-CUME (KKRZ/KNRK),15,7,20,13,13,20,27,67,71,80
2580292,Kings & Queens,MAX  AVA,1443,1997,7686,427902,C-CUME (KKRZ/KRSK),26,0,12,19,12,31,27,77,77,90
2580292,Kings & Queens,MAX  AVA,1443,1997,7686,427904,C-CUME (KKRZ/KXJM),30,0,13,17,13,37,20,73,73,83
2580292,Kings & Queens,MAX  AVA,1443,1997,7686,427906,C-CUME (KKRZ/Rock),22,5,9,14,23,27,23,73,76,84
2580292,Kings & Queens,MAX  AVA,1443,1997,7686,427900,CORE (KKRZcumeKBFF),15,7,20,27,13,13,20,50,54,60
2580292,Kings & Queens,MAX  AVA,1443,1997,7686,427905,CORE (KKRZcumeKXJM),17,0,18,24,18,24,18,59,59,68
2580292,Kings & Queens,MAX  AVA,1443,1997,7686,412841,F (16-19),22,0,14,9,18,27,32,84,84,100
2580292,Kings & Queens,MAX  AVA,1443,1997,7686,412759,F (18-24),43,0,12,23,19,21,26,69,69,81
2580292,Kings & Queens,MAX  AVA,1443,1997,7686,412412,F (20-24),30,0,13,30,17,20,20,58,58,68
2580292,Kings & Queens,MAX  AVA,1443,1997,7686,412415,F (20-29),58,3,14,21,12,31,19,66,68,75
2580292,Kings & Queens,MAX  AVA,1443,1997,7686,412413,F (25-29),28,7,14,11,7,43,18,73,79,82
2580292,Kings & Queens,MAX  AVA,1443,1997,7686,400756,Hispanic,20,0,10,25,10,35,20,70,70,80
2580292,Kings & Queens,MAX  AVA,1443,1997,7686,401515,*Old*,28,7,14,11,7,43,18,73,79,82
2580292,Kings & Queens,MAX  AVA,1443,1997,7686,400803,White,52,4,17,13,17,27,21,67,70,78
2580292,Kings & Queens,MAX  AVA,1443,1997,7686,401514,*Young*,52,0,13,21,17,23,25,69,69,82
2550056,Watermelon Sugar,STYLES  HARRY,2091,2789,7869,1,Total,80,1,9,34,12,22,21,61,61,71
2550056,Watermelon Sugar,STYLES  HARRY,2091,2789,7869,317542,*Core*,40,0,2,40,12,22,22,62,62,74
2550056,Watermelon Sugar,STYLES  HARRY,2091,2789,7869,427908,C-CORE (KKRZ/KBFF),80,1,9,34,12,22,21,61,61,71
2550056,Watermelon Sugar,STYLES  HARRY,2091,2789,7869,412840,C-CORE(KBFFCumeKKRZ),25,0,16,36,16,24,8,44,44,48
2550056,Watermelon Sugar,STYLES  HARRY,2091,2789,7869,414328,C-CUME (KBFF),55,2,11,35,13,24,16,55,56,63
2550056,Watermelon Sugar,STYLES  HARRY,2091,2789,7869,427901,C-CUME (KKRZ/HAC-AC),46,0,7,41,9,20,24,60,60,72
2550056,Watermelon Sugar,STYLES  HARRY,2091,2789,7869,427903,C-CUME (KKRZ/KKCW),31,0,3,39,13,23,23,63,63,74
2550056,Watermelon Sugar,STYLES  HARRY,2091,2789,7869,427907,C-CUME (KKRZ/KNRK),15,0,7,40,7,27,20,60,60,70
2550056,Watermelon Sugar,STYLES  HARRY,2091,2789,7869,427902,C-CUME (KKRZ/KRSK),26,0,8,46,8,12,27,56,56,69
2550056,Watermelon Sugar,STYLES  HARRY,2091,2789,7869,427904,C-CUME (KKRZ/KXJM),30,0,10,47,17,17,10,40,40,45
2550056,Watermelon Sugar,STYLES  HARRY,2091,2789,7869,427906,C-CUME (KKRZ/Rock),22,0,5,32,23,18,23,64,64,75
2550056,Watermelon Sugar,STYLES  HARRY,2091,2789,7869,427900,CORE (KKRZcumeKBFF),15,0,0,53,13,27,7,43,43,47
2550056,Watermelon Sugar,STYLES  HARRY,2091,2789,7869,427905,CORE (KKRZcumeKXJM),17,0,0,59,18,12,12,38,38,44
2550056,Watermelon Sugar,STYLES  HARRY,2091,2789,7869,412841,F (16-19),22,0,9,41,9,18,23,57,57,68
2550056,Watermelon Sugar,STYLES  HARRY,2091,2789,7869,412759,F (18-24),43,2,9,35,12,16,26,60,62,73
2550056,Watermelon Sugar,STYLES  HARRY,2091,2789,7869,412412,F (20-24),30,3,7,37,13,17,23,58,60,70
2550056,Watermelon Sugar,STYLES  HARRY,2091,2789,7869,412415,F (20-29),58,2,9,31,14,24,21,62,63,72
2550056,Watermelon Sugar,STYLES  HARRY,2091,2789,7869,412413,F (25-29),28,0,11,25,14,32,18,66,66,75
2550056,Watermelon Sugar,STYLES  HARRY,2091,2789,7869,400756,Hispanic,20,0,10,30,20,20,20,60,60,70
2550056,Watermelon Sugar,STYLES  HARRY,2091,2789,7869,401515,*Old*,28,0,11,25,14,32,18,66,66,75
2550056,Watermelon Sugar,STYLES  HARRY,2091,2789,7869,400803,White,52,2,8,38,10,19,23,59,60,70
2550056,Watermelon Sugar,STYLES  HARRY,2091,2789,7869,401514,*Young*,52,2,8,38,12,17,23,58,59,69
2546146,Say So,DOJA CAT,2105,2801,10551,1,Total,80,2,5,19,6,41,26,84,86,97
2546146,Say So,DOJA CAT,2105,2801,10551,317542,*Core*,40,2,0,18,8,40,32,92,95,109
2546146,Say So,DOJA CAT,2105,2801,10551,427908,C-CORE (KKRZ/KBFF),80,2,5,19,6,41,26,84,86,97
2546146,Say So,DOJA CAT,2105,2801,10551,412840,C-CORE(KBFFCumeKKRZ),25,0,16,24,8,40,12,62,62,68
2546146,Say So,DOJA CAT,2105,2801,10551,414328,C-CUME (KBFF),55,4,7,20,4,42,24,79,82,91
2546146,Say So,DOJA CAT,2105,2801,10551,427901,C-CUME (KKRZ/HAC-AC),46,2,2,24,9,33,30,83,84,98
2546146,Say So,DOJA CAT,2105,2801,10551,427903,C-CUME (KKRZ/KKCW),31,3,3,19,10,32,32,85,88,102
2546146,Say So,DOJA CAT,2105,2801,10551,427907,C-CUME (KKRZ/KNRK),15,0,7,20,0,40,33,90,90,107
2546146,Say So,DOJA CAT,2105,2801,10551,427902,C-CUME (KKRZ/KRSK),26,4,0,31,8,35,23,73,76,85
2546146,Say So,DOJA CAT,2105,2801,10551,427904,C-CUME (KKRZ/KXJM),30,3,7,23,10,40,17,70,72,78
2546146,Say So,DOJA CAT,2105,2801,10551,427906,C-CUME (KKRZ/Rock),22,5,9,14,5,32,36,89,93,107
2546146,Say So,DOJA CAT,2105,2801,10551,427900,CORE (KKRZcumeKBFF),15,7,0,20,0,40,33,90,96,107
2546146,Say So,DOJA CAT,2105,2801,10551,427905,CORE (KKRZcumeKXJM),17,6,0,24,12,41,18,74,78,82
2546146,Say So,DOJA CAT,2105,2801,10551,412841,F (16-19),22,0,0,27,5,41,27,84,84,98
2546146,Say So,DOJA CAT,2105,2801,10551,412759,F (18-24),43,0,2,16,5,44,33,95,95,112
2546146,Say So,DOJA CAT,2105,2801,10551,412412,F (20-24),30,0,3,17,3,50,27,92,92,105
2546146,Say So,DOJA CAT,2105,2801,10551,412415,F (20-29),58,3,7,16,7,41,26,84,87,97
2546146,Say So,DOJA CAT,2105,2801,10551,412413,F (25-29),28,7,11,14,11,32,25,75,81,88
2546146,Say So,DOJA CAT,2105,2801,10551,400756,Hispanic,20,0,0,10,5,75,10,92,92,98
2546146,Say So,DOJA CAT,2105,2801,10551,401515,*Old*,28,7,11,14,11,32,25,75,81,88
2546146,Say So,DOJA CAT,2105,2801,10551,400803,White,52,4,8,23,6,29,31,78,81,93
2546146,Say So,DOJA CAT,2105,2801,10551,401514,*Young*,52,0,2,21,4,46,27,88,88,102
2733257,Rumors f/Cardi B,LIZZO,182,253,744,1,Total,80,40,10,9,15,20,6,37,61,40
2733257,Rumors f/Cardi B,LIZZO,182,253,744,317542,*Core*,40,42,8,8,15,25,2,36,63,38
2733257,Rumors f/Cardi B,LIZZO,182,253,744,427908,C-CORE (KKRZ/KBFF),80,40,10,9,15,20,6,37,61,40
2733257,Rumors f/Cardi B,LIZZO,182,253,744,412840,C-CORE(KBFFCumeKKRZ),25,52,8,8,12,16,4,28,58,30
2733257,Rumors f/Cardi B,LIZZO,182,253,744,414328,C-CUME (KBFF),55,42,13,9,13,16,7,34,58,37
2733257,Rumors f/Cardi B,LIZZO,182,253,744,427901,C-CUME (KKRZ/HAC-AC),46,48,9,11,13,15,4,28,54,30
2733257,Rumors f/Cardi B,LIZZO,182,253,744,427903,C-CUME (KKRZ/KKCW),31,48,10,10,13,16,3,27,53,29
2733257,Rumors f/Cardi B,LIZZO,182,253,744,427907,C-CUME (KKRZ/KNRK),15,33,20,13,20,13,0,23,35,23
2733257,Rumors f/Cardi B,LIZZO,182,253,744,427902,C-CUME (KKRZ/KRSK),26,58,8,8,15,8,4,21,50,23
2733257,Rumors f/Cardi B,LIZZO,182,253,744,427904,C-CUME (KKRZ/KXJM),30,47,7,3,10,27,7,42,78,45
2733257,Rumors f/Cardi B,LIZZO,182,253,744,427906,C-CUME (KKRZ/Rock),22,41,9,9,18,18,5,34,58,36
2733257,Rumors f/Cardi B,LIZZO,182,253,744,427900,CORE (KKRZcumeKBFF),15,53,13,7,7,20,0,23,50,23
2733257,Rumors f/Cardi B,LIZZO,182,253,744,427905,CORE (KKRZcumeKXJM),17,53,0,6,12,24,6,38,81,41
2733257,Rumors f/Cardi B,LIZZO,182,253,744,412841,F (16-19),22,50,9,18,5,14,5,23,45,25
2733257,Rumors f/Cardi B,LIZZO,182,253,744,412759,F (18-24),43,56,7,9,7,14,7,28,63,31
2733257,Rumors f/Cardi B,LIZZO,182,253,744,412412,F (20-24),30,53,7,7,10,17,7,32,68,35
2733257,Rumors f/Cardi B,LIZZO,182,253,744,412415,F (20-29),58,36,10,5,19,22,7,42,66,46
2733257,Rumors f/Cardi B,LIZZO,182,253,744,412413,F (25-29),28,18,14,4,29,29,7,54,65,57
2733257,Rumors f/Cardi B,LIZZO,182,253,744,400756,Hispanic,20,35,5,15,10,25,10,45,69,50
2733257,Rumors f/Cardi B,LIZZO,182,253,744,401515,*Old*,28,18,14,4,29,29,7,54,65,57
2733257,Rumors f/Cardi B,LIZZO,182,253,744,400803,White,52,42,13,4,17,19,4,34,58,36
2733257,Rumors f/Cardi B,LIZZO,182,253,744,401514,*Young*,52,52,8,12,8,15,6,28,58,31
2731407,Take My Breath,THE WEEKND,233,319,819,1,Total,80,28,12,9,16,29,6,46,64,49
2731407,Take My Breath,THE WEEKND,233,319,819,317542,*Core*,40,30,10,8,10,38,5,50,71,52
2731407,Take My Breath,THE WEEKND,233,319,819,427908,C-CORE (KKRZ/KBFF),80,28,12,9,16,29,6,46,64,49
2731407,Take My Breath,THE WEEKND,233,319,819,412840,C-CORE(KBFFCumeKKRZ),25,24,16,8,20,24,8,46,61,50
2731407,Take My Breath,THE WEEKND,233,319,819,414328,C-CUME (KBFF),55,27,16,9,16,24,7,43,59,46
2731407,Take My Breath,THE WEEKND,233,319,819,427901,C-CUME (KKRZ/HAC-AC),46,35,15,7,15,26,2,37,57,38
2731407,Take My Breath,THE WEEKND,233,319,819,427903,C-CUME (KKRZ/KKCW),31,29,19,3,13,32,3,44,61,45
2731407,Take My Breath,THE WEEKND,233,319,819,427907,C-CUME (KKRZ/KNRK),15,20,27,0,13,33,7,50,62,53
2731407,Take My Breath,THE WEEKND,233,319,819,427902,C-CUME (KKRZ/KRSK),26,27,15,12,27,15,4,35,47,37
2731407,Take My Breath,THE WEEKND,233,319,819,427904,C-CUME (KKRZ/KXJM),30,27,23,7,13,27,3,38,52,40
2731407,Take My Breath,THE WEEKND,233,319,819,427906,C-CUME (KKRZ/Rock),22,32,5,14,9,36,5,48,70,50
2731407,Take My Breath,THE WEEKND,233,319,819,427900,CORE (KKRZcumeKBFF),15,33,20,7,0,33,7,43,65,47
2731407,Take My Breath,THE WEEKND,233,319,819,427905,CORE (KKRZcumeKXJM),17,35,18,6,6,29,6,41,64,44
2731407,Take My Breath,THE WEEKND,233,319,819,412841,F (16-19),22,32,18,18,9,23,0,27,40,27
2731407,Take My Breath,THE WEEKND,233,319,819,412759,F (18-24),43,40,12,9,12,26,2,35,58,36
2731407,Take My Breath,THE WEEKND,233,319,819,412412,F (20-24),30,37,13,3,13,30,3,42,66,43
2731407,Take My Breath,THE WEEKND,233,319,819,412415,F (20-29),58,26,10,5,19,31,9,53,72,58
2731407,Take My Breath,THE WEEKND,233,319,819,412413,F (25-29),28,14,7,7,25,32,14,66,77,73
2731407,Take My Breath,THE WEEKND,233,319,819,400756,Hispanic,20,35,15,5,10,30,5,42,65,45
2731407,Take My Breath,THE WEEKND,233,319,819,401515,*Old*,28,14,7,7,25,32,14,66,77,73
2731407,Take My Breath,THE WEEKND,233,319,819,400803,White,52,27,10,10,17,29,8,49,67,53
2731407,Take My Breath,THE WEEKND,233,319,819,401514,*Young*,52,35,15,10,12,27,2,36,54,37
2722189,Beggin,MANESKIN,166,245,848,1,Total,80,6,8,8,6,40,32,92,98,108
2722189,Beggin,MANESKIN,166,245,848,317542,*Core*,40,2,2,8,8,42,38,102,105,121
2722189,Beggin,MANESKIN,166,245,848,427908,C-CORE (KKRZ/KBFF),80,6,8,8,6,40,32,92,98,108
2722189,Beggin,MANESKIN,166,245,848,412840,C-CORE(KBFFCumeKKRZ),25,8,8,4,4,44,32,94,102,110
2722189,Beggin,MANESKIN,166,245,848,414328,C-CUME (KBFF),55,9,9,7,5,40,29,86,95,101
2722189,Beggin,MANESKIN,166,245,848,427901,C-CUME (KKRZ/HAC-AC),46,4,4,4,2,43,41,107,111,127
2722189,Beggin,MANESKIN,166,245,848,427903,C-CUME (KKRZ/KKCW),31,3,6,6,3,45,35,100,103,118
2722189,Beggin,MANESKIN,166,245,848,427907,C-CUME (KKRZ/KNRK),15,13,0,13,7,33,33,87,100,103
2722189,Beggin,MANESKIN,166,245,848,427902,C-CUME (KKRZ/KRSK),26,4,8,0,4,38,46,110,114,133
2722189,Beggin,MANESKIN,166,245,848,427904,C-CUME (KKRZ/KXJM),30,3,3,3,3,50,37,107,110,125
2722189,Beggin,MANESKIN,166,245,848,427906,C-CUME (KKRZ/Rock),22,5,5,0,5,55,32,105,110,120
2722189,Beggin,MANESKIN,166,245,848,427900,CORE (KKRZcumeKBFF),15,7,0,7,7,47,33,100,107,117
2722189,Beggin,MANESKIN,166,245,848,427905,CORE (KKRZcumeKXJM),17,0,0,6,0,59,35,112,112,129
2722189,Beggin,MANESKIN,166,245,848,412841,F (16-19),22,5,5,9,5,55,23,91,95,102
2722189,Beggin,MANESKIN,166,245,848,412759,F (18-24),43,2,12,7,7,28,44,98,100,120
2722189,Beggin,MANESKIN,166,245,848,412412,F (20-24),30,0,13,10,7,20,50,98,98,123
2722189,Beggin,MANESKIN,166,245,848,412415,F (20-29),58,7,9,7,7,34,36,92,99,110
2722189,Beggin,MANESKIN,166,245,848,412413,F (25-29),28,14,4,4,7,50,21,86,100,96
2722189,Beggin,MANESKIN,166,245,848,400756,Hispanic,20,0,15,10,5,35,35,90,90,108
2722189,Beggin,MANESKIN,166,245,848,401515,*Old*,28,14,4,4,7,50,21,86,100,96
2722189,Beggin,MANESKIN,166,245,848,400803,White,52,8,4,8,8,40,33,93,101,110
2722189,Beggin,MANESKIN,166,245,848,401514,*Young*,52,2,10,10,6,35,38,95,97,114
2727194,INDUSTRY BABY,LIL NAS X & HARLOW ,263,401,1985,1,Total,80,10,19,9,10,22,30,72,81,88
2727194,INDUSTRY BABY,LIL NAS X & HARLOW ,263,401,1985,317542,*Core*,40,10,18,12,8,25,28,70,78,84
2727194,INDUSTRY BABY,LIL NAS X & HARLOW ,263,401,1985,427908,C-CORE (KKRZ/KBFF),80,10,19,9,10,22,30,72,81,88
2727194,INDUSTRY BABY,LIL NAS X & HARLOW ,263,401,1985,412840,C-CORE(KBFFCumeKKRZ),25,16,16,4,20,20,24,66,79,78
2727194,INDUSTRY BABY,LIL NAS X & HARLOW ,263,401,1985,414328,C-CUME (KBFF),55,7,18,7,13,24,31,76,82,92
2727194,INDUSTRY BABY,LIL NAS X & HARLOW ,263,401,1985,427901,C-CUME (KKRZ/HAC-AC),46,11,15,9,13,20,33,75,84,91
2727194,INDUSTRY BABY,LIL NAS X & HARLOW ,263,401,1985,427903,C-CUME (KKRZ/KKCW),31,6,13,13,10,26,32,79,84,95
2727194,INDUSTRY BABY,LIL NAS X & HARLOW ,263,401,1985,427907,C-CUME (KKRZ/KNRK),15,0,7,13,20,13,47,93,93,117
2727194,INDUSTRY BABY,LIL NAS X & HARLOW ,263,401,1985,427902,C-CUME (KKRZ/KRSK),26,12,19,0,19,19,31,75,85,90
2727194,INDUSTRY BABY,LIL NAS X & HARLOW ,263,401,1985,427904,C-CUME (KKRZ/KXJM),30,7,20,10,10,20,33,75,80,92
2727194,INDUSTRY BABY,LIL NAS X & HARLOW ,263,401,1985,427906,C-CUME (KKRZ/Rock),22,9,32,5,14,23,18,57,62,66
2727194,INDUSTRY BABY,LIL NAS X & HARLOW ,263,401,1985,427900,CORE (KKRZcumeKBFF),15,0,13,13,13,33,27,80,80,93
2727194,INDUSTRY BABY,LIL NAS X & HARLOW ,263,401,1985,427905,CORE (KKRZcumeKXJM),17,6,18,12,12,24,29,74,78,88
2727194,INDUSTRY BABY,LIL NAS X & HARLOW ,263,401,1985,412841,F (16-19),22,0,27,14,14,18,27,66,66,80
2727194,INDUSTRY BABY,LIL NAS X & HARLOW ,263,401,1985,412759,F (18-24),43,9,23,7,9,14,37,74,82,93
2727194,INDUSTRY BABY,LIL NAS X & HARLOW ,263,401,1985,412412,F (20-24),30,13,23,7,7,13,37,72,83,90
2727194,INDUSTRY BABY,LIL NAS X & HARLOW ,263,401,1985,412415,F (20-29),58,14,16,7,9,24,31,75,87,91
2727194,INDUSTRY BABY,LIL NAS X & HARLOW ,263,401,1985,412413,F (25-29),28,14,7,7,11,36,25,79,92,91
2727194,INDUSTRY BABY,LIL NAS X & HARLOW ,263,401,1985,400756,Hispanic,20,0,25,20,5,10,40,72,72,92
2727194,INDUSTRY BABY,LIL NAS X & HARLOW ,263,401,1985,401515,*Old*,28,14,7,7,11,36,25,79,92,91
2727194,INDUSTRY BABY,LIL NAS X & HARLOW ,263,401,1985,400803,White,52,15,19,4,10,29,23,68,81,80
2727194,INDUSTRY BABY,LIL NAS X & HARLOW ,263,401,1985,401514,*Young*,52,8,25,10,10,15,33,69,75,86
2393994,Better Now,POST MALONE,3132,4198,12670,1,Total,80,1,9,22,10,36,21,73,74,84
2393994,Better Now,POST MALONE,3132,4198,12670,317542,*Core*,40,0,15,18,8,35,25,76,76,89
2393994,Better Now,POST MALONE,3132,4198,12670,427908,C-CORE (KKRZ/KBFF),80,1,9,22,10,36,21,73,74,84
2393994,Better Now,POST MALONE,3132,4198,12670,412840,C-CORE(KBFFCumeKKRZ),25,0,0,28,12,48,12,72,72,78
2393994,Better Now,POST MALONE,3132,4198,12670,414328,C-CUME (KBFF),55,2,5,25,11,38,18,71,72,80
2393994,Better Now,POST MALONE,3132,4198,12670,427901,C-CUME (KKRZ/HAC-AC),46,0,7,22,9,39,24,79,79,91
2393994,Better Now,POST MALONE,3132,4198,12670,427903,C-CUME (KKRZ/KKCW),31,0,6,26,3,42,23,77,77,89
2393994,Better Now,POST MALONE,3132,4198,12670,427907,C-CUME (KKRZ/KNRK),15,0,7,20,13,47,13,73,73,80
2393994,Better Now,POST MALONE,3132,4198,12670,427902,C-CUME (KKRZ/KRSK),26,0,8,23,12,35,23,75,75,87
2393994,Better Now,POST MALONE,3132,4198,12670,427904,C-CUME (KKRZ/KXJM),30,0,10,23,7,43,17,72,72,80
2393994,Better Now,POST MALONE,3132,4198,12670,427906,C-CUME (KKRZ/Rock),22,0,18,9,5,36,32,86,86,102
2393994,Better Now,POST MALONE,3132,4198,12670,427900,CORE (KKRZcumeKBFF),15,0,13,20,7,40,20,73,73,83
2393994,Better Now,POST MALONE,3132,4198,12670,427905,CORE (KKRZcumeKXJM),17,0,18,18,12,29,24,71,71,82
2393994,Better Now,POST MALONE,3132,4198,12670,412841,F (16-19),22,0,0,32,9,45,14,70,70,77
2393994,Better Now,POST MALONE,3132,4198,12670,412759,F (18-24),43,0,7,26,7,33,28,78,78,92
2393994,Better Now,POST MALONE,3132,4198,12670,412412,F (20-24),30,0,10,23,7,30,30,78,78,93
2393994,Better Now,POST MALONE,3132,4198,12670,412415,F (20-29),58,2,12,19,10,33,24,74,75,86
2393994,Better Now,POST MALONE,3132,4198,12670,412413,F (25-29),28,4,14,14,14,36,18,70,72,79
2393994,Better Now,POST MALONE,3132,4198,12670,400756,Hispanic,20,0,5,25,10,50,10,70,70,75
2393994,Better Now,POST MALONE,3132,4198,12670,401515,*Old*,28,4,14,14,14,36,18,70,72,79
2393994,Better Now,POST MALONE,3132,4198,12670,400803,White,52,2,12,19,8,33,27,77,78,90
2393994,Better Now,POST MALONE,3132,4198,12670,401514,*Young*,52,0,6,27,8,37,23,75,75,87
2440816,When The Party's Over,EILISH  BILLIE,2752,3987,4718,1,Total,80,0,18,19,18,18,29,69,69,84
2440816,When The Party's Over,EILISH  BILLIE,2752,3987,4718,317542,*Core*,40,0,8,28,20,18,28,69,69,82
2440816,When The Party's Over,EILISH  BILLIE,2752,3987,4718,427908,C-CORE (KKRZ/KBFF),80,0,18,19,18,18,29,69,69,84
2440816,When The Party's Over,EILISH  BILLIE,2752,3987,4718,412840,C-CORE(KBFFCumeKKRZ),25,0,28,12,12,20,28,68,68,82
2440816,When The Party's Over,EILISH  BILLIE,2752,3987,4718,414328,C-CUME (KBFF),55,0,22,18,16,18,25,65,65,77
2440816,When The Party's Over,EILISH  BILLIE,2752,3987,4718,427901,C-CUME (KKRZ/HAC-AC),46,0,20,24,17,13,26,61,61,74
2440816,When The Party's Over,EILISH  BILLIE,2752,3987,4718,427903,C-CUME (KKRZ/KKCW),31,0,16,26,19,10,29,63,63,77
2440816,When The Party's Over,EILISH  BILLIE,2752,3987,4718,427907,C-CUME (KKRZ/KNRK),15,0,0,20,27,20,33,83,83,100
2440816,When The Party's Over,EILISH  BILLIE,2752,3987,4718,427902,C-CUME (KKRZ/KRSK),26,0,15,23,23,15,23,62,62,73
2440816,When The Party's Over,EILISH  BILLIE,2752,3987,4718,427904,C-CUME (KKRZ/KXJM),30,0,20,33,20,17,10,42,42,47
2440816,When The Party's Over,EILISH  BILLIE,2752,3987,4718,427906,C-CUME (KKRZ/Rock),22,0,14,14,14,27,32,82,82,98
2440816,When The Party's Over,EILISH  BILLIE,2752,3987,4718,427900,CORE (KKRZcumeKBFF),15,0,7,40,20,20,13,50,50,57
2440816,When The Party's Over,EILISH  BILLIE,2752,3987,4718,427905,CORE (KKRZcumeKXJM),17,0,6,41,24,18,12,47,47,53
2440816,When The Party's Over,EILISH  BILLIE,2752,3987,4718,412841,F (16-19),22,0,9,36,14,23,18,57,57,66
2440816,When The Party's Over,EILISH  BILLIE,2752,3987,4718,412759,F (18-24),43,0,16,19,12,14,40,79,79,99
2440816,When The Party's Over,EILISH  BILLIE,2752,3987,4718,412412,F (20-24),30,0,20,10,13,13,43,85,85,107
2440816,When The Party's Over,EILISH  BILLIE,2752,3987,4718,412415,F (20-29),58,0,21,12,19,16,33,74,74,91
2440816,When The Party's Over,EILISH  BILLIE,2752,3987,4718,412413,F (25-29),28,0,21,14,25,18,21,62,62,73
2440816,When The Party's Over,EILISH  BILLIE,2752,3987,4718,400756,Hispanic,20,0,5,25,25,15,30,72,72,88
2440816,When The Party's Over,EILISH  BILLIE,2752,3987,4718,401515,*Old*,28,0,21,14,25,18,21,62,62,73
2440816,When The Party's Over,EILISH  BILLIE,2752,3987,4718,400803,White,52,0,19,17,13,19,31,72,72,88
2440816,When The Party's Over,EILISH  BILLIE,2752,3987,4718,401514,*Young*,52,0,15,21,13,17,33,73,73,89
2672451,drivers license,RODRIGO  OLIVIA,1749,2383,5969,1,Total,80,2,15,10,10,32,30,82,85,98
2672451,drivers license,RODRIGO  OLIVIA,1749,2383,5969,317542,*Core*,40,0,12,15,8,28,38,88,88,106
2672451,drivers license,RODRIGO  OLIVIA,1749,2383,5969,427908,C-CORE (KKRZ/KBFF),80,2,15,10,10,32,30,82,85,98
2672451,drivers license,RODRIGO  OLIVIA,1749,2383,5969,412840,C-CORE(KBFFCumeKKRZ),25,4,24,4,16,36,16,68,71,76
2672451,drivers license,RODRIGO  OLIVIA,1749,2383,5969,414328,C-CUME (KBFF),55,4,15,7,11,36,27,83,86,96
2672451,drivers license,RODRIGO  OLIVIA,1749,2383,5969,427901,C-CUME (KKRZ/HAC-AC),46,0,15,11,11,30,33,85,85,101
2672451,drivers license,RODRIGO  OLIVIA,1749,2383,5969,427903,C-CUME (KKRZ/KKCW),31,0,13,16,13,29,29,79,79,94
2672451,drivers license,RODRIGO  OLIVIA,1749,2383,5969,427907,C-CUME (KKRZ/KNRK),15,0,20,7,0,33,40,93,93,113
2672451,drivers license,RODRIGO  OLIVIA,1749,2383,5969,427902,C-CUME (KKRZ/KRSK),26,0,19,4,12,31,35,88,88,106
2672451,drivers license,RODRIGO  OLIVIA,1749,2383,5969,427904,C-CUME (KKRZ/KXJM),30,3,17,10,10,37,23,77,79,88
2672451,drivers license,RODRIGO  OLIVIA,1749,2383,5969,427906,C-CUME (KKRZ/Rock),22,0,18,9,5,41,27,84,84,98
2672451,drivers license,RODRIGO  OLIVIA,1749,2383,5969,427900,CORE (KKRZcumeKBFF),15,0,7,13,7,33,40,97,97,117
2672451,drivers license,RODRIGO  OLIVIA,1749,2383,5969,427905,CORE (KKRZcumeKXJM),17,0,6,18,6,29,41,94,94,115
2672451,drivers license,RODRIGO  OLIVIA,1749,2383,5969,412841,F (16-19),22,0,14,9,5,45,27,89,89,102
2672451,drivers license,RODRIGO  OLIVIA,1749,2383,5969,412759,F (18-24),43,0,9,9,9,30,42,98,98,119
2672451,drivers license,RODRIGO  OLIVIA,1749,2383,5969,412412,F (20-24),30,0,10,10,13,23,43,95,95,117
2672451,drivers license,RODRIGO  OLIVIA,1749,2383,5969,412415,F (20-29),58,3,16,10,12,28,31,80,83,96
2672451,drivers license,RODRIGO  OLIVIA,1749,2383,5969,412413,F (25-29),28,7,21,11,11,32,18,64,69,73
2672451,drivers license,RODRIGO  OLIVIA,1749,2383,5969,400756,Hispanic,20,0,10,10,5,45,30,92,92,108
2672451,drivers license,RODRIGO  OLIVIA,1749,2383,5969,401515,*Old*,28,7,21,11,11,32,18,64,69,73
2672451,drivers license,RODRIGO  OLIVIA,1749,2383,5969,400803,White,52,4,15,8,12,29,33,84,87,100
2672451,drivers license,RODRIGO  OLIVIA,1749,2383,5969,401514,*Young*,52,0,12,10,10,33,37,92,92,111
2552613,Blinding Lights,THE WEEKND,4384,5929,23065,1,Total,80,1,9,24,14,34,19,69,70,78
2552613,Blinding Lights,THE WEEKND,4384,5929,23065,317542,*Core*,40,2,10,20,18,30,20,69,71,79
2552613,Blinding Lights,THE WEEKND,4384,5929,23065,427908,C-CORE (KKRZ/KBFF),80,1,9,24,14,34,19,69,70,78
2552613,Blinding Lights,THE WEEKND,4384,5929,23065,412840,C-CORE(KBFFCumeKKRZ),25,0,8,32,4,36,20,68,68,78
2552613,Blinding Lights,THE WEEKND,4384,5929,23065,414328,C-CUME (KBFF),55,2,9,27,15,33,15,62,63,69
2552613,Blinding Lights,THE WEEKND,4384,5929,23065,427901,C-CUME (KKRZ/HAC-AC),46,2,9,28,11,28,22,66,68,77
2552613,Blinding Lights,THE WEEKND,4384,5929,23065,427903,C-CUME (KKRZ/KKCW),31,3,6,29,10,26,26,69,72,82
2552613,Blinding Lights,THE WEEKND,4384,5929,23065,427907,C-CUME (KKRZ/KNRK),15,0,0,27,20,33,20,73,73,83
2552613,Blinding Lights,THE WEEKND,4384,5929,23065,427902,C-CUME (KKRZ/KRSK),26,4,12,31,15,23,15,54,56,62
2552613,Blinding Lights,THE WEEKND,4384,5929,23065,427904,C-CUME (KKRZ/KXJM),30,3,10,30,13,30,13,57,59,63
2552613,Blinding Lights,THE WEEKND,4384,5929,23065,427906,C-CUME (KKRZ/Rock),22,5,0,27,9,50,9,68,71,73
2552613,Blinding Lights,THE WEEKND,4384,5929,23065,427900,CORE (KKRZcumeKBFF),15,7,13,27,27,20,7,43,46,47
2552613,Blinding Lights,THE WEEKND,4384,5929,23065,427905,CORE (KKRZcumeKXJM),17,6,6,29,18,29,12,56,59,62
2552613,Blinding Lights,THE WEEKND,4384,5929,23065,412841,F (16-19),22,0,9,41,14,18,18,52,52,61
2552613,Blinding Lights,THE WEEKND,4384,5929,23065,412759,F (18-24),43,0,9,30,12,28,21,65,65,76
2552613,Blinding Lights,THE WEEKND,4384,5929,23065,412412,F (20-24),30,0,10,27,13,30,20,67,67,77
2552613,Blinding Lights,THE WEEKND,4384,5929,23065,412415,F (20-29),58,2,9,17,14,40,19,75,76,84
2552613,Blinding Lights,THE WEEKND,4384,5929,23065,412413,F (25-29),28,4,7,7,14,50,18,84,87,93
2552613,Blinding Lights,THE WEEKND,4384,5929,23065,400756,Hispanic,20,0,15,30,15,25,15,55,55,62
2552613,Blinding Lights,THE WEEKND,4384,5929,23065,401515,*Old*,28,4,7,7,14,50,18,84,87,93
2552613,Blinding Lights,THE WEEKND,4384,5929,23065,400803,White,52,2,6,21,12,38,21,76,77,87
2552613,Blinding Lights,THE WEEKND,4384,5929,23065,401514,*Young*,52,0,10,33,13,25,19,61,61,70
2650436,positions,GRANDE  ARIANA,3510,4671,7216,1,Total,80,2,18,22,9,29,20,63,65,73
2650436,positions,GRANDE  ARIANA,3510,4671,7216,317542,*Core*,40,2,12,22,12,25,25,69,71,81
2650436,positions,GRANDE  ARIANA,3510,4671,7216,427908,C-CORE (KKRZ/KBFF),80,2,18,22,9,29,20,63,65,73
2650436,positions,GRANDE  ARIANA,3510,4671,7216,412840,C-CORE(KBFFCumeKKRZ),25,0,24,28,8,28,12,50,50,56
2650436,positions,GRANDE  ARIANA,3510,4671,7216,414328,C-CUME (KBFF),55,4,20,20,7,31,18,62,64,71
2650436,positions,GRANDE  ARIANA,3510,4671,7216,427901,C-CUME (KKRZ/HAC-AC),46,2,15,30,7,30,15,57,58,64
2650436,positions,GRANDE  ARIANA,3510,4671,7216,427903,C-CUME (KKRZ/KKCW),31,3,10,26,10,29,23,68,70,79
2650436,positions,GRANDE  ARIANA,3510,4671,7216,427907,C-CUME (KKRZ/KNRK),15,0,13,20,13,33,20,70,70,80
2650436,positions,GRANDE  ARIANA,3510,4671,7216,427902,C-CUME (KKRZ/KRSK),26,4,19,38,4,23,12,42,44,48
2650436,positions,GRANDE  ARIANA,3510,4671,7216,427904,C-CUME (KKRZ/KXJM),30,3,10,23,17,33,13,62,64,68
2650436,positions,GRANDE  ARIANA,3510,4671,7216,427906,C-CUME (KKRZ/Rock),22,5,9,14,14,36,23,77,81,89
2650436,positions,GRANDE  ARIANA,3510,4671,7216,427900,CORE (KKRZcumeKBFF),15,7,13,13,13,27,27,73,79,87
2650436,positions,GRANDE  ARIANA,3510,4671,7216,427905,CORE (KKRZcumeKXJM),17,6,12,18,18,35,12,62,66,68
2650436,positions,GRANDE  ARIANA,3510,4671,7216,412841,F (16-19),22,0,5,27,14,23,32,77,77,93
2650436,positions,GRANDE  ARIANA,3510,4671,7216,412759,F (18-24),43,0,19,23,5,30,23,67,67,79
2650436,positions,GRANDE  ARIANA,3510,4671,7216,412412,F (20-24),30,0,27,23,7,30,13,53,53,60
2650436,positions,GRANDE  ARIANA,3510,4671,7216,412415,F (20-29),58,3,22,21,7,31,16,58,60,66
2650436,positions,GRANDE  ARIANA,3510,4671,7216,412413,F (25-29),28,7,18,18,7,32,18,62,67,71
2650436,positions,GRANDE  ARIANA,3510,4671,7216,400756,Hispanic,20,0,10,10,10,50,20,85,85,95
2650436,positions,GRANDE  ARIANA,3510,4671,7216,401515,*Old*,28,7,18,18,7,32,18,62,67,71
2650436,positions,GRANDE  ARIANA,3510,4671,7216,400803,White,52,4,23,27,8,19,19,52,54,62
2650436,positions,GRANDE  ARIANA,3510,4671,7216,401514,*Young*,52,0,17,25,10,27,21,63,63,74
2653252,34+35,GRANDE  ARIANA,2542,3435,6687,1,Total,80,4,14,31,11,18,22,57,59,68
2653252,34+35,GRANDE  ARIANA,2542,3435,6687,317542,*Core*,40,0,5,40,10,18,28,64,64,78
2653252,34+35,GRANDE  ARIANA,2542,3435,6687,427908,C-CORE (KKRZ/KBFF),80,4,14,31,11,18,22,57,59,68
2653252,34+35,GRANDE  ARIANA,2542,3435,6687,412840,C-CORE(KBFFCumeKKRZ),25,4,24,24,12,20,16,50,52,58
2653252,34+35,GRANDE  ARIANA,2542,3435,6687,414328,C-CUME (KBFF),55,5,16,25,13,18,22,57,61,68
2653252,34+35,GRANDE  ARIANA,2542,3435,6687,427901,C-CUME (KKRZ/HAC-AC),46,2,11,39,4,17,26,59,60,72
2653252,34+35,GRANDE  ARIANA,2542,3435,6687,427903,C-CUME (KKRZ/KKCW),31,3,10,29,3,19,35,74,77,92
2653252,34+35,GRANDE  ARIANA,2542,3435,6687,427907,C-CUME (KKRZ/KNRK),15,0,13,13,20,20,33,80,80,97
2653252,34+35,GRANDE  ARIANA,2542,3435,6687,427902,C-CUME (KKRZ/KRSK),26,4,12,46,4,19,15,44,46,52
2653252,34+35,GRANDE  ARIANA,2542,3435,6687,427904,C-CUME (KKRZ/KXJM),30,0,17,30,7,30,17,58,58,67
2653252,34+35,GRANDE  ARIANA,2542,3435,6687,427906,C-CUME (KKRZ/Rock),22,0,14,18,14,18,36,80,80,98
2653252,34+35,GRANDE  ARIANA,2542,3435,6687,427900,CORE (KKRZcumeKBFF),15,0,0,33,13,20,33,77,77,93
2653252,34+35,GRANDE  ARIANA,2542,3435,6687,427905,CORE (KKRZcumeKXJM),17,0,6,47,6,24,18,53,53,62
2653252,34+35,GRANDE  ARIANA,2542,3435,6687,412841,F (16-19),22,0,14,27,14,18,27,66,66,80
2653252,34+35,GRANDE  ARIANA,2542,3435,6687,412759,F (18-24),43,2,9,33,16,16,23,59,61,71
2653252,34+35,GRANDE  ARIANA,2542,3435,6687,412412,F (20-24),30,3,10,40,13,17,17,48,50,57
2653252,34+35,GRANDE  ARIANA,2542,3435,6687,412415,F (20-29),58,5,14,33,10,17,21,53,56,64
2653252,34+35,GRANDE  ARIANA,2542,3435,6687,412413,F (25-29),28,7,18,25,7,18,25,59,63,71
2653252,34+35,GRANDE  ARIANA,2542,3435,6687,400756,Hispanic,20,0,10,30,15,20,25,65,65,78
2653252,34+35,GRANDE  ARIANA,2542,3435,6687,401515,*Old*,28,7,18,25,7,18,25,59,63,71
2653252,34+35,GRANDE  ARIANA,2542,3435,6687,400803,White,52,6,17,33,10,15,19,49,52,59
2653252,34+35,GRANDE  ARIANA,2542,3435,6687,401514,*Young*,52,2,12,35,13,17,21,56,57,66
2554446,Adore You,STYLES  HARRY,3125,4339,13423,1,Total,80,0,11,22,16,32,18,67,67,76
2554446,Adore You,STYLES  HARRY,3125,4339,13423,317542,*Core*,40,0,12,20,20,38,10,62,62,68
2554446,Adore You,STYLES  HARRY,3125,4339,13423,427908,C-CORE (KKRZ/KBFF),80,0,11,22,16,32,18,67,67,76
2554446,Adore You,STYLES  HARRY,3125,4339,13423,412840,C-CORE(KBFFCumeKKRZ),25,0,16,32,8,24,20,58,58,68
2554446,Adore You,STYLES  HARRY,3125,4339,13423,414328,C-CUME (KBFF),55,0,11,25,16,29,18,65,65,74
2554446,Adore You,STYLES  HARRY,3125,4339,13423,427901,C-CUME (KKRZ/HAC-AC),46,0,15,30,15,26,13,53,53,60
2554446,Adore You,STYLES  HARRY,3125,4339,13423,427903,C-CUME (KKRZ/KKCW),31,0,19,23,19,29,10,53,53,58
2554446,Adore You,STYLES  HARRY,3125,4339,13423,427907,C-CUME (KKRZ/KNRK),15,0,20,27,7,40,7,53,53,57
2554446,Adore You,STYLES  HARRY,3125,4339,13423,427902,C-CUME (KKRZ/KRSK),26,0,12,35,15,19,19,56,56,65
2554446,Adore You,STYLES  HARRY,3125,4339,13423,427904,C-CUME (KKRZ/KXJM),30,0,13,27,20,30,10,55,55,60
2554446,Adore You,STYLES  HARRY,3125,4339,13423,427906,C-CUME (KKRZ/Rock),22,0,14,23,23,32,9,57,57,61
2554446,Adore You,STYLES  HARRY,3125,4339,13423,427900,CORE (KKRZcumeKBFF),15,0,13,27,27,33,0,47,47,47
2554446,Adore You,STYLES  HARRY,3125,4339,13423,427905,CORE (KKRZcumeKXJM),17,0,6,24,29,41,0,56,56,56
2554446,Adore You,STYLES  HARRY,3125,4339,13423,412841,F (16-19),22,0,9,27,14,36,14,64,64,70
2554446,Adore You,STYLES  HARRY,3125,4339,13423,412759,F (18-24),43,0,5,23,21,33,19,71,71,80
2554446,Adore You,STYLES  HARRY,3125,4339,13423,412412,F (20-24),30,0,7,27,20,27,20,67,67,77
2554446,Adore You,STYLES  HARRY,3125,4339,13423,412415,F (20-29),58,0,12,21,17,31,19,68,68,78
2554446,Adore You,STYLES  HARRY,3125,4339,13423,412413,F (25-29),28,0,18,14,14,36,18,70,70,79
2554446,Adore You,STYLES  HARRY,3125,4339,13423,400756,Hispanic,20,0,15,15,25,35,10,62,62,68
2554446,Adore You,STYLES  HARRY,3125,4339,13423,401515,*Old*,28,0,18,14,14,36,18,70,70,79
2554446,Adore You,STYLES  HARRY,3125,4339,13423,400803,White,52,0,10,27,15,27,21,66,66,77
2554446,Adore You,STYLES  HARRY,3125,4339,13423,401514,*Young*,52,0,8,27,17,31,17,65,65,74
2584541,Levitating,LIPA  DUA,2500,3486,10640,1,Total,80,1,11,20,6,34,28,78,79,92
2584541,Levitating,LIPA  DUA,2500,3486,10640,317542,*Core*,40,0,10,15,2,48,25,86,86,99
2584541,Levitating,LIPA  DUA,2500,3486,10640,427908,C-CORE (KKRZ/KBFF),80,1,11,20,6,34,28,78,79,92
2584541,Levitating,LIPA  DUA,2500,3486,10640,412840,C-CORE(KBFFCumeKKRZ),25,0,12,20,12,28,28,76,76,90
2584541,Levitating,LIPA  DUA,2500,3486,10640,414328,C-CUME (KBFF),55,2,15,20,9,27,27,73,74,86
2584541,Levitating,LIPA  DUA,2500,3486,10640,427901,C-CUME (KKRZ/HAC-AC),46,0,11,20,7,39,24,78,78,90
2584541,Levitating,LIPA  DUA,2500,3486,10640,427903,C-CUME (KKRZ/KKCW),31,0,13,23,10,29,26,73,73,85
2584541,Levitating,LIPA  DUA,2500,3486,10640,427907,C-CUME (KKRZ/KNRK),15,0,7,13,13,33,33,90,90,107
2584541,Levitating,LIPA  DUA,2500,3486,10640,427902,C-CUME (KKRZ/KRSK),26,0,12,15,8,42,23,81,81,92
2584541,Levitating,LIPA  DUA,2500,3486,10640,427904,C-CUME (KKRZ/KXJM),30,0,13,13,13,40,20,77,77,87
2584541,Levitating,LIPA  DUA,2500,3486,10640,427906,C-CUME (KKRZ/Rock),22,0,23,18,5,27,27,70,70,84
2584541,Levitating,LIPA  DUA,2500,3486,10640,427900,CORE (KKRZcumeKBFF),15,0,20,7,7,47,20,80,80,90
2584541,Levitating,LIPA  DUA,2500,3486,10640,427905,CORE (KKRZcumeKXJM),17,0,18,18,6,41,18,71,71,79
2584541,Levitating,LIPA  DUA,2500,3486,10640,412841,F (16-19),22,5,14,32,9,23,18,55,57,64
2584541,Levitating,LIPA  DUA,2500,3486,10640,412759,F (18-24),43,2,14,26,0,26,33,74,76,91
2584541,Levitating,LIPA  DUA,2500,3486,10640,412412,F (20-24),30,0,13,23,0,30,33,80,80,97
2584541,Levitating,LIPA  DUA,2500,3486,10640,412415,F (20-29),58,0,10,16,5,38,31,87,87,103
2584541,Levitating,LIPA  DUA,2500,3486,10640,412413,F (25-29),28,0,7,7,11,46,29,95,95,109
2584541,Levitating,LIPA  DUA,2500,3486,10640,400756,Hispanic,20,5,25,30,0,35,5,42,45,45
2584541,Levitating,LIPA  DUA,2500,3486,10640,401515,*Old*,28,0,7,7,11,46,29,95,95,109
2584541,Levitating,LIPA  DUA,2500,3486,10640,400803,White,52,0,8,17,8,31,37,89,89,108
2584541,Levitating,LIPA  DUA,2500,3486,10640,401514,*Young*,52,2,13,27,4,27,27,69,71,83
2583267,Break My Heart,LIPA  DUA,1898,2629,6437,1,Total,80,8,6,21,16,29,20,67,72,77
2583267,Break My Heart,LIPA  DUA,1898,2629,6437,317542,*Core*,40,5,5,20,12,35,22,75,79,86
2583267,Break My Heart,LIPA  DUA,1898,2629,6437,427908,C-CORE (KKRZ/KBFF),80,8,6,21,16,29,20,67,72,77
2583267,Break My Heart,LIPA  DUA,1898,2629,6437,412840,C-CORE(KBFFCumeKKRZ),25,4,0,24,12,32,28,80,83,94
2583267,Break My Heart,LIPA  DUA,1898,2629,6437,414328,C-CUME (KBFF),55,7,5,22,18,31,16,65,70,73
2583267,Break My Heart,LIPA  DUA,1898,2629,6437,427901,C-CUME (KKRZ/HAC-AC),46,4,2,24,11,39,20,74,77,84
2583267,Break My Heart,LIPA  DUA,1898,2629,6437,427903,C-CUME (KKRZ/KKCW),31,3,3,13,13,48,19,84,87,94
2583267,Break My Heart,LIPA  DUA,1898,2629,6437,427907,C-CUME (KKRZ/KNRK),15,13,0,20,13,27,27,73,85,87
2583267,Break My Heart,LIPA  DUA,1898,2629,6437,427902,C-CUME (KKRZ/KRSK),26,0,0,31,19,31,19,69,69,79
2583267,Break My Heart,LIPA  DUA,1898,2629,6437,427904,C-CUME (KKRZ/KXJM),30,3,3,10,13,53,17,85,88,93
2583267,Break My Heart,LIPA  DUA,1898,2629,6437,427906,C-CUME (KKRZ/Rock),22,9,0,14,9,41,27,86,95,100
2583267,Break My Heart,LIPA  DUA,1898,2629,6437,427900,CORE (KKRZcumeKBFF),15,0,0,20,13,53,13,80,80,87
2583267,Break My Heart,LIPA  DUA,1898,2629,6437,427905,CORE (KKRZcumeKXJM),17,0,6,6,12,65,12,88,88,94
2583267,Break My Heart,LIPA  DUA,1898,2629,6437,412841,F (16-19),22,9,5,27,23,32,5,50,55,52
2583267,Break My Heart,LIPA  DUA,1898,2629,6437,412759,F (18-24),43,12,7,28,12,21,21,58,66,69
2583267,Break My Heart,LIPA  DUA,1898,2629,6437,412412,F (20-24),30,10,7,27,10,20,27,65,72,78
2583267,Break My Heart,LIPA  DUA,1898,2629,6437,412415,F (20-29),58,7,7,19,14,28,26,73,79,86
2583267,Break My Heart,LIPA  DUA,1898,2629,6437,412413,F (25-29),28,4,7,11,18,36,25,82,85,95
2583267,Break My Heart,LIPA  DUA,1898,2629,6437,400756,Hispanic,20,5,10,25,15,45,0,52,55,52
2583267,Break My Heart,LIPA  DUA,1898,2629,6437,401515,*Old*,28,4,7,11,18,36,25,82,85,95
2583267,Break My Heart,LIPA  DUA,1898,2629,6437,400803,White,52,8,6,17,19,21,29,74,80,88
2583267,Break My Heart,LIPA  DUA,1898,2629,6437,401514,*Young*,52,10,6,27,15,25,17,59,65,67
2550239,Before You Go,CAPALDI  LEWIS,3417,4650,11694,1,Total,80,1,12,25,15,19,28,68,68,81
2550239,Before You Go,CAPALDI  LEWIS,3417,4650,11694,317542,*Core*,40,0,12,20,20,20,28,71,71,85
2550239,Before You Go,CAPALDI  LEWIS,3417,4650,11694,427908,C-CORE (KKRZ/KBFF),80,1,12,25,15,19,28,68,68,81
2550239,Before You Go,CAPALDI  LEWIS,3417,4650,11694,412840,C-CORE(KBFFCumeKKRZ),25,0,12,40,0,20,28,62,62,76
2550239,Before You Go,CAPALDI  LEWIS,3417,4650,11694,414328,C-CUME (KBFF),55,2,11,27,16,22,22,63,64,74
2550239,Before You Go,CAPALDI  LEWIS,3417,4650,11694,427901,C-CUME (KKRZ/HAC-AC),46,0,9,30,9,20,33,73,73,89
2550239,Before You Go,CAPALDI  LEWIS,3417,4650,11694,427903,C-CUME (KKRZ/KKCW),31,0,10,26,10,19,35,77,77,95
2550239,Before You Go,CAPALDI  LEWIS,3417,4650,11694,427907,C-CUME (KKRZ/KNRK),15,0,13,27,13,20,27,67,67,80
2550239,Before You Go,CAPALDI  LEWIS,3417,4650,11694,427902,C-CUME (KKRZ/KRSK),26,0,4,27,4,31,35,85,85,102
2550239,Before You Go,CAPALDI  LEWIS,3417,4650,11694,427904,C-CUME (KKRZ/KXJM),30,0,7,30,17,30,17,63,63,72
2550239,Before You Go,CAPALDI  LEWIS,3417,4650,11694,427906,C-CUME (KKRZ/Rock),22,0,5,18,18,23,36,86,86,105
2550239,Before You Go,CAPALDI  LEWIS,3417,4650,11694,427900,CORE (KKRZcumeKBFF),15,0,7,20,33,33,7,60,60,63
2550239,Before You Go,CAPALDI  LEWIS,3417,4650,11694,427905,CORE (KKRZcumeKXJM),17,0,0,24,29,29,18,71,71,79
2550239,Before You Go,CAPALDI  LEWIS,3417,4650,11694,412841,F (16-19),22,0,9,23,18,14,36,77,77,95
2550239,Before You Go,CAPALDI  LEWIS,3417,4650,11694,412759,F (18-24),43,0,16,23,14,16,30,69,69,84
2550239,Before You Go,CAPALDI  LEWIS,3417,4650,11694,412412,F (20-24),30,0,20,23,10,20,27,65,65,78
2550239,Before You Go,CAPALDI  LEWIS,3417,4650,11694,412415,F (20-29),58,2,14,26,14,21,24,64,65,76
2550239,Before You Go,CAPALDI  LEWIS,3417,4650,11694,412413,F (25-29),28,4,7,29,18,21,21,62,65,73
2550239,Before You Go,CAPALDI  LEWIS,3417,4650,11694,400756,Hispanic,20,0,15,20,30,20,15,58,58,65
2550239,Before You Go,CAPALDI  LEWIS,3417,4650,11694,401515,*Old*,28,4,7,29,18,21,21,62,65,73
2550239,Before You Go,CAPALDI  LEWIS,3417,4650,11694,400803,White,52,2,13,23,10,17,35,74,75,91
2550239,Before You Go,CAPALDI  LEWIS,3417,4650,11694,401514,*Young*,52,0,15,23,13,17,31,70,70,86
2502602,Arcade,LAURENCE  DUNCAN,1262,1785,2966,1,Total,80,4,9,19,18,34,18,69,71,78
2502602,Arcade,LAURENCE  DUNCAN,1262,1785,2966,317542,*Core*,40,2,10,25,18,28,18,62,64,71
2502602,Arcade,LAURENCE  DUNCAN,1262,1785,2966,427908,C-CORE (KKRZ/KBFF),80,4,9,19,18,34,18,69,71,78
2502602,Arcade,LAURENCE  DUNCAN,1262,1785,2966,412840,C-CORE(KBFFCumeKKRZ),25,4,4,16,12,48,16,78,81,86
2502602,Arcade,LAURENCE  DUNCAN,1262,1785,2966,414328,C-CUME (KBFF),55,4,7,15,16,40,18,75,78,85
2502602,Arcade,LAURENCE  DUNCAN,1262,1785,2966,427901,C-CUME (KKRZ/HAC-AC),46,4,11,24,11,30,20,65,68,75
2502602,Arcade,LAURENCE  DUNCAN,1262,1785,2966,427903,C-CUME (KKRZ/KKCW),31,3,13,29,13,26,16,56,58,65
2502602,Arcade,LAURENCE  DUNCAN,1262,1785,2966,427907,C-CUME (KKRZ/KNRK),15,0,13,27,7,27,27,70,70,83
2502602,Arcade,LAURENCE  DUNCAN,1262,1785,2966,427902,C-CUME (KKRZ/KRSK),26,8,4,23,15,27,23,69,75,81
2502602,Arcade,LAURENCE  DUNCAN,1262,1785,2966,427904,C-CUME (KKRZ/KXJM),30,0,7,23,17,40,13,68,68,75
2502602,Arcade,LAURENCE  DUNCAN,1262,1785,2966,427906,C-CUME (KKRZ/Rock),22,0,14,18,23,36,9,61,61,66
2502602,Arcade,LAURENCE  DUNCAN,1262,1785,2966,427900,CORE (KKRZcumeKBFF),15,0,7,20,13,40,20,77,77,87
2502602,Arcade,LAURENCE  DUNCAN,1262,1785,2966,427905,CORE (KKRZcumeKXJM),17,0,6,18,24,35,18,74,74,82
2502602,Arcade,LAURENCE  DUNCAN,1262,1785,2966,412841,F (16-19),22,5,5,23,9,41,18,73,76,82
2502602,Arcade,LAURENCE  DUNCAN,1262,1785,2966,412759,F (18-24),43,7,7,19,16,28,23,71,76,83
2502602,Arcade,LAURENCE  DUNCAN,1262,1785,2966,412412,F (20-24),30,7,10,17,23,20,23,67,71,78
2502602,Arcade,LAURENCE  DUNCAN,1262,1785,2966,412415,F (20-29),58,3,10,17,21,31,17,67,70,76
2502602,Arcade,LAURENCE  DUNCAN,1262,1785,2966,412413,F (25-29),28,0,11,18,18,43,11,68,68,73
2502602,Arcade,LAURENCE  DUNCAN,1262,1785,2966,400756,Hispanic,20,0,10,20,15,40,15,70,70,78
2502602,Arcade,LAURENCE  DUNCAN,1262,1785,2966,401515,*Old*,28,0,11,18,18,43,11,68,68,73
2502602,Arcade,LAURENCE  DUNCAN,1262,1785,2966,400803,White,52,6,8,13,19,35,19,73,78,83
2502602,Arcade,LAURENCE  DUNCAN,1262,1785,2966,401514,*Young*,52,6,8,19,17,29,21,69,73,80
2582475,Save Your Tears,THE WEEKND,1677,2282,8083,1,Total,80,10,9,16,19,29,18,64,72,73
2582475,Save Your Tears,THE WEEKND,1677,2282,8083,317542,*Core*,40,5,8,12,25,38,12,69,72,75
2582475,Save Your Tears,THE WEEKND,1677,2282,8083,427908,C-CORE (KKRZ/KBFF),80,10,9,16,19,29,18,64,72,73
2582475,Save Your Tears,THE WEEKND,1677,2282,8083,412840,C-CORE(KBFFCumeKKRZ),25,8,12,20,12,24,24,66,72,78
2582475,Save Your Tears,THE WEEKND,1677,2282,8083,414328,C-CUME (KBFF),55,11,9,22,16,24,18,59,66,68
2582475,Save Your Tears,THE WEEKND,1677,2282,8083,427901,C-CUME (KKRZ/HAC-AC),46,4,7,24,17,30,17,65,68,74
2582475,Save Your Tears,THE WEEKND,1677,2282,8083,427903,C-CUME (KKRZ/KKCW),31,3,3,26,23,23,23,68,70,79
2582475,Save Your Tears,THE WEEKND,1677,2282,8083,427907,C-CUME (KKRZ/KNRK),15,0,0,13,20,40,27,90,90,103
2582475,Save Your Tears,THE WEEKND,1677,2282,8083,427902,C-CUME (KKRZ/KRSK),26,4,12,19,23,35,8,58,60,62
2582475,Save Your Tears,THE WEEKND,1677,2282,8083,427904,C-CUME (KKRZ/KXJM),30,7,10,20,27,30,7,53,57,57
2582475,Save Your Tears,THE WEEKND,1677,2282,8083,427906,C-CUME (KKRZ/Rock),22,9,5,14,36,27,9,59,65,64
2582475,Save Your Tears,THE WEEKND,1677,2282,8083,427900,CORE (KKRZcumeKBFF),15,0,7,27,27,33,7,57,57,60
2582475,Save Your Tears,THE WEEKND,1677,2282,8083,427905,CORE (KKRZcumeKXJM),17,0,0,24,35,35,6,62,62,65
2582475,Save Your Tears,THE WEEKND,1677,2282,8083,412841,F (16-19),22,5,14,23,14,32,14,59,62,66
2582475,Save Your Tears,THE WEEKND,1677,2282,8083,412759,F (18-24),43,9,7,21,14,28,21,66,73,77
2582475,Save Your Tears,THE WEEKND,1677,2282,8083,412412,F (20-24),30,10,7,20,13,30,20,67,74,77
2582475,Save Your Tears,THE WEEKND,1677,2282,8083,412415,F (20-29),58,12,7,14,21,28,19,66,75,76
2582475,Save Your Tears,THE WEEKND,1677,2282,8083,412413,F (25-29),28,14,7,7,29,25,18,66,77,75
2582475,Save Your Tears,THE WEEKND,1677,2282,8083,400756,Hispanic,20,15,10,15,10,35,15,62,74,70
2582475,Save Your Tears,THE WEEKND,1677,2282,8083,401515,*Old*,28,14,7,7,29,25,18,66,77,75
2582475,Save Your Tears,THE WEEKND,1677,2282,8083,400803,White,52,10,10,13,23,23,21,66,73,77
2582475,Save Your Tears,THE WEEKND,1677,2282,8083,401514,*Young*,52,8,10,21,13,31,17,63,69,72
2522450,Circles,POST MALONE,4043,5615,17742,1,Total,80,2,9,21,16,34,18,68,70,77
2522450,Circles,POST MALONE,4043,5615,17742,317542,*Core*,40,5,10,22,10,22,30,72,76,88
2522450,Circles,POST MALONE,4043,5615,17742,427908,C-CORE (KKRZ/KBFF),80,2,9,21,16,34,18,68,70,77
2522450,Circles,POST MALONE,4043,5615,17742,412840,C-CORE(KBFFCumeKKRZ),25,0,4,28,16,48,4,62,62,64
2522450,Circles,POST MALONE,4043,5615,17742,414328,C-CUME (KBFF),55,2,5,22,22,42,7,64,65,67
2522450,Circles,POST MALONE,4043,5615,17742,427901,C-CUME (KKRZ/HAC-AC),46,2,7,24,13,30,24,73,74,85
2522450,Circles,POST MALONE,4043,5615,17742,427903,C-CUME (KKRZ/KKCW),31,3,10,19,16,29,23,71,73,82
2522450,Circles,POST MALONE,4043,5615,17742,427907,C-CUME (KKRZ/KNRK),15,13,7,20,13,27,20,63,73,73
2522450,Circles,POST MALONE,4043,5615,17742,427902,C-CUME (KKRZ/KRSK),26,0,0,27,8,38,27,83,83,96
2522450,Circles,POST MALONE,4043,5615,17742,427904,C-CUME (KKRZ/KXJM),30,0,0,37,10,43,10,63,63,68
2522450,Circles,POST MALONE,4043,5615,17742,427906,C-CUME (KKRZ/Rock),22,5,5,18,18,45,9,68,71,73
2522450,Circles,POST MALONE,4043,5615,17742,427900,CORE (KKRZcumeKBFF),15,7,0,27,20,33,13,63,68,70
2522450,Circles,POST MALONE,4043,5615,17742,427905,CORE (KKRZcumeKXJM),17,0,0,29,12,41,18,74,74,82
2522450,Circles,POST MALONE,4043,5615,17742,412841,F (16-19),22,0,5,27,18,36,14,66,66,73
2522450,Circles,POST MALONE,4043,5615,17742,412759,F (18-24),43,2,9,21,16,33,19,69,70,78
2522450,Circles,POST MALONE,4043,5615,17742,412412,F (20-24),30,3,13,17,13,33,20,70,72,80
2522450,Circles,POST MALONE,4043,5615,17742,412415,F (20-29),58,3,10,19,16,33,19,69,71,78
2522450,Circles,POST MALONE,4043,5615,17742,412413,F (25-29),28,4,7,21,18,32,18,68,70,77
2522450,Circles,POST MALONE,4043,5615,17742,400756,Hispanic,20,5,10,20,30,30,5,52,55,55
2522450,Circles,POST MALONE,4043,5615,17742,401515,*Old*,28,4,7,21,18,32,18,68,70,77
2522450,Circles,POST MALONE,4043,5615,17742,400803,White,52,2,10,19,13,35,21,73,75,84
2522450,Circles,POST MALONE,4043,5615,17742,401514,*Young*,52,2,10,21,15,35,17,68,70,77
2653276,pov,GRANDE  ARIANA,1544,2084,2344,1,Total,80,6,8,16,15,36,19,72,77,81
2653276,pov,GRANDE  ARIANA,1544,2084,2344,317542,*Core*,40,5,8,12,10,45,20,80,84,90
2653276,pov,GRANDE  ARIANA,1544,2084,2344,427908,C-CORE (KKRZ/KBFF),80,6,8,16,15,36,19,72,77,81
2653276,pov,GRANDE  ARIANA,1544,2084,2344,412840,C-CORE(KBFFCumeKKRZ),25,8,0,16,28,28,20,72,78,82
2653276,pov,GRANDE  ARIANA,1544,2084,2344,414328,C-CUME (KBFF),55,7,5,16,16,36,18,72,77,81
2653276,pov,GRANDE  ARIANA,1544,2084,2344,427901,C-CUME (KKRZ/HAC-AC),46,4,4,20,13,37,22,76,80,87
2653276,pov,GRANDE  ARIANA,1544,2084,2344,427903,C-CUME (KKRZ/KKCW),31,6,0,13,16,35,29,87,93,102
2653276,pov,GRANDE  ARIANA,1544,2084,2344,427907,C-CUME (KKRZ/KNRK),15,0,7,13,33,27,20,73,73,83
2653276,pov,GRANDE  ARIANA,1544,2084,2344,427902,C-CUME (KKRZ/KRSK),26,8,8,23,15,38,8,58,62,62
2653276,pov,GRANDE  ARIANA,1544,2084,2344,427904,C-CUME (KKRZ/KXJM),30,7,0,13,13,43,23,85,91,97
2653276,pov,GRANDE  ARIANA,1544,2084,2344,427906,C-CUME (KKRZ/Rock),22,9,5,9,9,50,18,82,90,91
2653276,pov,GRANDE  ARIANA,1544,2084,2344,427900,CORE (KKRZcumeKBFF),15,7,0,7,7,60,20,93,100,103
2653276,pov,GRANDE  ARIANA,1544,2084,2344,427905,CORE (KKRZcumeKXJM),17,6,0,12,12,53,18,85,91,94
2653276,pov,GRANDE  ARIANA,1544,2084,2344,412841,F (16-19),22,0,5,23,23,23,27,75,75,89
2653276,pov,GRANDE  ARIANA,1544,2084,2344,412759,F (18-24),43,2,9,19,12,40,19,73,75,83
2653276,pov,GRANDE  ARIANA,1544,2084,2344,412412,F (20-24),30,3,13,17,10,47,10,67,69,72
2653276,pov,GRANDE  ARIANA,1544,2084,2344,412415,F (20-29),58,9,9,14,12,41,16,71,77,78
2653276,pov,GRANDE  ARIANA,1544,2084,2344,412413,F (25-29),28,14,4,11,14,36,21,75,88,86
2653276,pov,GRANDE  ARIANA,1544,2084,2344,400756,Hispanic,20,0,5,5,15,60,15,90,90,98
2653276,pov,GRANDE  ARIANA,1544,2084,2344,401515,*Old*,28,14,4,11,14,36,21,75,88,86
2653276,pov,GRANDE  ARIANA,1544,2084,2344,400803,White,52,10,10,19,15,29,17,62,69,71
2653276,pov,GRANDE  ARIANA,1544,2084,2344,401514,*Young*,52,2,10,19,15,37,17,70,72,79
2697903,Kiss Me More f/Sza,DOJA CAT,1910,2560,7697,1,Total,80,6,5,11,10,39,29,87,93,101
2697903,Kiss Me More f/Sza,DOJA CAT,1910,2560,7697,317542,*Core*,40,2,2,12,12,35,35,94,96,111
2697903,Kiss Me More f/Sza,DOJA CAT,1910,2560,7697,427908,C-CORE (KKRZ/KBFF),80,6,5,11,10,39,29,87,93,101
2697903,Kiss Me More f/Sza,DOJA CAT,1910,2560,7697,412840,C-CORE(KBFFCumeKKRZ),25,12,12,16,8,32,20,66,75,76
2697903,Kiss Me More f/Sza,DOJA CAT,1910,2560,7697,414328,C-CUME (KBFF),55,7,5,11,9,40,27,85,92,99
2697903,Kiss Me More f/Sza,DOJA CAT,1910,2560,7697,427901,C-CUME (KKRZ/HAC-AC),46,4,2,17,11,30,35,88,92,105
2697903,Kiss Me More f/Sza,DOJA CAT,1910,2560,7697,427903,C-CUME (KKRZ/KKCW),31,0,0,16,10,39,35,97,97,115
2697903,Kiss Me More f/Sza,DOJA CAT,1910,2560,7697,427907,C-CUME (KKRZ/KNRK),15,0,0,13,20,40,27,90,90,103
2697903,Kiss Me More f/Sza,DOJA CAT,1910,2560,7697,427902,C-CUME (KKRZ/KRSK),26,8,4,19,8,31,31,81,88,96
2697903,Kiss Me More f/Sza,DOJA CAT,1910,2560,7697,427904,C-CUME (KKRZ/KXJM),30,13,3,10,10,40,23,80,92,92
2697903,Kiss Me More f/Sza,DOJA CAT,1910,2560,7697,427906,C-CUME (KKRZ/Rock),22,5,5,23,14,36,18,70,74,80
2697903,Kiss Me More f/Sza,DOJA CAT,1910,2560,7697,427900,CORE (KKRZcumeKBFF),15,0,0,13,13,33,40,100,100,120
2697903,Kiss Me More f/Sza,DOJA CAT,1910,2560,7697,427905,CORE (KKRZcumeKXJM),17,6,0,6,18,41,29,94,100,109
2697903,Kiss Me More f/Sza,DOJA CAT,1910,2560,7697,412841,F (16-19),22,5,0,23,9,41,23,80,83,91
2697903,Kiss Me More f/Sza,DOJA CAT,1910,2560,7697,412759,F (18-24),43,5,2,7,9,42,35,99,104,116
2697903,Kiss Me More f/Sza,DOJA CAT,1910,2560,7697,412412,F (20-24),30,3,3,7,10,40,37,100,103,118
2697903,Kiss Me More f/Sza,DOJA CAT,1910,2560,7697,412415,F (20-29),58,7,7,7,10,38,31,90,96,105
2697903,Kiss Me More f/Sza,DOJA CAT,1910,2560,7697,412413,F (25-29),28,11,11,7,11,36,25,79,88,91
2697903,Kiss Me More f/Sza,DOJA CAT,1910,2560,7697,400756,Hispanic,20,0,0,20,20,55,5,72,72,75
2697903,Kiss Me More f/Sza,DOJA CAT,1910,2560,7697,401515,*Old*,28,11,11,7,11,36,25,79,88,91
2697903,Kiss Me More f/Sza,DOJA CAT,1910,2560,7697,400803,White,52,10,8,8,6,35,35,89,99,107
2697903,Kiss Me More f/Sza,DOJA CAT,1910,2560,7697,401514,*Young*,52,4,2,13,10,40,31,91,95,107
2695921,deja vu,RODRIGO  OLIVIA,1669,2245,5316,1,Total,80,2,8,15,18,36,21,77,79,88
2695921,deja vu,RODRIGO  OLIVIA,1669,2245,5316,317542,*Core*,40,2,10,10,15,35,28,84,86,98
2695921,deja vu,RODRIGO  OLIVIA,1669,2245,5316,427908,C-CORE (KKRZ/KBFF),80,2,8,15,18,36,21,77,79,88
2695921,deja vu,RODRIGO  OLIVIA,1669,2245,5316,412840,C-CORE(KBFFCumeKKRZ),25,4,8,24,12,40,12,64,67,70
2695921,deja vu,RODRIGO  OLIVIA,1669,2245,5316,414328,C-CUME (KBFF),55,2,7,18,16,36,20,75,76,85
2695921,deja vu,RODRIGO  OLIVIA,1669,2245,5316,427901,C-CUME (KKRZ/HAC-AC),46,0,9,20,11,39,22,77,77,88
2695921,deja vu,RODRIGO  OLIVIA,1669,2245,5316,427903,C-CUME (KKRZ/KKCW),31,0,10,19,13,42,16,73,73,81
2695921,deja vu,RODRIGO  OLIVIA,1669,2245,5316,427907,C-CUME (KKRZ/KNRK),15,0,13,7,20,27,33,87,87,103
2695921,deja vu,RODRIGO  OLIVIA,1669,2245,5316,427902,C-CUME (KKRZ/KRSK),26,0,8,23,15,35,19,71,71,81
2695921,deja vu,RODRIGO  OLIVIA,1669,2245,5316,427904,C-CUME (KKRZ/KXJM),30,0,10,20,13,43,13,70,70,77
2695921,deja vu,RODRIGO  OLIVIA,1669,2245,5316,427906,C-CUME (KKRZ/Rock),22,5,9,9,27,45,5,66,69,68
2695921,deja vu,RODRIGO  OLIVIA,1669,2245,5316,427900,CORE (KKRZcumeKBFF),15,0,13,13,7,33,33,87,87,103
2695921,deja vu,RODRIGO  OLIVIA,1669,2245,5316,427905,CORE (KKRZcumeKXJM),17,0,12,18,12,41,18,74,74,82
2695921,deja vu,RODRIGO  OLIVIA,1669,2245,5316,412841,F (16-19),22,0,5,23,27,27,18,68,68,77
2695921,deja vu,RODRIGO  OLIVIA,1669,2245,5316,412759,F (18-24),43,2,5,14,14,33,33,88,90,105
2695921,deja vu,RODRIGO  OLIVIA,1669,2245,5316,412412,F (20-24),30,3,7,13,10,33,33,88,91,105
2695921,deja vu,RODRIGO  OLIVIA,1669,2245,5316,412415,F (20-29),58,3,9,12,14,40,22,80,83,91
2695921,deja vu,RODRIGO  OLIVIA,1669,2245,5316,412413,F (25-29),28,4,11,11,18,46,11,71,74,77
2695921,deja vu,RODRIGO  OLIVIA,1669,2245,5316,400756,Hispanic,20,0,5,5,15,60,15,90,90,98
2695921,deja vu,RODRIGO  OLIVIA,1669,2245,5316,401515,*Old*,28,4,11,11,18,46,11,71,74,77
2695921,deja vu,RODRIGO  OLIVIA,1669,2245,5316,400803,White,52,4,8,15,19,31,23,75,78,87
2695921,deja vu,RODRIGO  OLIVIA,1669,2245,5316,401514,*Young*,52,2,6,17,17,31,27,80,81,93
2693277,MONTERO (Call Me By Your Name),LIL NAS X,1786,2375,7485,1,Total,80,2,10,16,6,35,30,83,85,98
2693277,MONTERO (Call Me By Your Name),LIL NAS X,1786,2375,7485,317542,*Core*,40,0,15,20,5,30,30,78,78,92
2693277,MONTERO (Call Me By Your Name),LIL NAS X,1786,2375,7485,427908,C-CORE (KKRZ/KBFF),80,2,10,16,6,35,30,83,85,98
2693277,MONTERO (Call Me By Your Name),LIL NAS X,1786,2375,7485,412840,C-CORE(KBFFCumeKKRZ),25,8,8,12,12,36,24,78,85,90
2693277,MONTERO (Call Me By Your Name),LIL NAS X,1786,2375,7485,414328,C-CUME (KBFF),55,4,5,15,5,44,27,87,91,101
2693277,MONTERO (Call Me By Your Name),LIL NAS X,1786,2375,7485,427901,C-CUME (KKRZ/HAC-AC),46,2,4,17,11,30,35,88,90,105
2693277,MONTERO (Call Me By Your Name),LIL NAS X,1786,2375,7485,427903,C-CUME (KKRZ/KKCW),31,3,0,19,13,32,32,87,90,103
2693277,MONTERO (Call Me By Your Name),LIL NAS X,1786,2375,7485,427907,C-CUME (KKRZ/KNRK),15,0,0,27,0,40,33,90,90,107
2693277,MONTERO (Call Me By Your Name),LIL NAS X,1786,2375,7485,427902,C-CUME (KKRZ/KRSK),26,0,8,12,12,31,38,94,94,113
2693277,MONTERO (Call Me By Your Name),LIL NAS X,1786,2375,7485,427904,C-CUME (KKRZ/KXJM),30,3,3,20,7,40,27,83,86,97
2693277,MONTERO (Call Me By Your Name),LIL NAS X,1786,2375,7485,427906,C-CUME (KKRZ/Rock),22,5,23,9,0,32,32,80,83,95
2693277,MONTERO (Call Me By Your Name),LIL NAS X,1786,2375,7485,427900,CORE (KKRZcumeKBFF),15,0,7,20,0,53,20,83,83,93
2693277,MONTERO (Call Me By Your Name),LIL NAS X,1786,2375,7485,427905,CORE (KKRZcumeKXJM),17,0,6,24,12,35,24,76,76,88
2693277,MONTERO (Call Me By Your Name),LIL NAS X,1786,2375,7485,412841,F (16-19),22,0,5,9,5,50,32,100,100,116
2693277,MONTERO (Call Me By Your Name),LIL NAS X,1786,2375,7485,412759,F (18-24),43,0,12,16,7,26,40,88,88,108
2693277,MONTERO (Call Me By Your Name),LIL NAS X,1786,2375,7485,412412,F (20-24),30,0,17,23,7,17,37,75,75,93
2693277,MONTERO (Call Me By Your Name),LIL NAS X,1786,2375,7485,412415,F (20-29),58,3,12,19,7,29,29,77,79,91
2693277,MONTERO (Call Me By Your Name),LIL NAS X,1786,2375,7485,412413,F (25-29),28,7,7,14,7,43,21,79,85,89
2693277,MONTERO (Call Me By Your Name),LIL NAS X,1786,2375,7485,400756,Hispanic,20,0,0,20,5,45,30,92,92,108
2693277,MONTERO (Call Me By Your Name),LIL NAS X,1786,2375,7485,401515,*Old*,28,7,7,14,7,43,21,79,85,89
2693277,MONTERO (Call Me By Your Name),LIL NAS X,1786,2375,7485,400803,White,52,4,15,13,8,31,29,78,81,92
2693277,MONTERO (Call Me By Your Name),LIL NAS X,1786,2375,7485,401514,*Young*,52,0,12,17,6,31,35,86,86,103
2334402,Rockstar f/21 Savage,POST MALONE,2187,3033,10176,1,Total,80,8,8,15,11,32,26,78,84,91
2334402,Rockstar f/21 Savage,POST MALONE,2187,3033,10176,317542,*Core*,40,5,12,15,10,25,32,79,83,95
2334402,Rockstar f/21 Savage,POST MALONE,2187,3033,10176,427908,C-CORE (KKRZ/KBFF),80,8,8,15,11,32,26,78,84,91
2334402,Rockstar f/21 Savage,POST MALONE,2187,3033,10176,412840,C-CORE(KBFFCumeKKRZ),25,8,0,16,16,44,16,76,83,84
2334402,Rockstar f/21 Savage,POST MALONE,2187,3033,10176,414328,C-CUME (KBFF),55,11,2,16,13,33,25,77,87,90
2334402,Rockstar f/21 Savage,POST MALONE,2187,3033,10176,427901,C-CUME (KKRZ/HAC-AC),46,9,0,15,13,37,26,83,90,96
2334402,Rockstar f/21 Savage,POST MALONE,2187,3033,10176,427903,C-CUME (KKRZ/KKCW),31,6,0,19,10,39,26,82,88,95
2334402,Rockstar f/21 Savage,POST MALONE,2187,3033,10176,427907,C-CUME (KKRZ/KNRK),15,7,0,13,7,40,33,93,100,110
2334402,Rockstar f/21 Savage,POST MALONE,2187,3033,10176,427902,C-CUME (KKRZ/KRSK),26,8,0,12,23,31,27,83,90,96
2334402,Rockstar f/21 Savage,POST MALONE,2187,3033,10176,427904,C-CUME (KKRZ/KXJM),30,3,3,20,13,37,23,78,81,90
2334402,Rockstar f/21 Savage,POST MALONE,2187,3033,10176,427906,C-CUME (KKRZ/Rock),22,14,9,5,5,36,32,86,100,102
2334402,Rockstar f/21 Savage,POST MALONE,2187,3033,10176,427900,CORE (KKRZcumeKBFF),15,13,0,20,13,13,40,80,92,100
2334402,Rockstar f/21 Savage,POST MALONE,2187,3033,10176,427905,CORE (KKRZcumeKXJM),17,0,6,18,18,29,29,82,82,97
2334402,Rockstar f/21 Savage,POST MALONE,2187,3033,10176,412841,F (16-19),22,14,5,9,14,32,27,80,92,93
2334402,Rockstar f/21 Savage,POST MALONE,2187,3033,10176,412759,F (18-24),43,9,9,14,12,33,23,73,81,85
2334402,Rockstar f/21 Savage,POST MALONE,2187,3033,10176,412412,F (20-24),30,7,13,17,13,33,17,65,70,73
2334402,Rockstar f/21 Savage,POST MALONE,2187,3033,10176,412415,F (20-29),58,5,9,17,10,33,26,77,81,90
2334402,Rockstar f/21 Savage,POST MALONE,2187,3033,10176,412413,F (25-29),28,4,4,18,7,32,36,89,93,107
2334402,Rockstar f/21 Savage,POST MALONE,2187,3033,10176,400756,Hispanic,20,10,10,15,10,50,5,62,69,65
2334402,Rockstar f/21 Savage,POST MALONE,2187,3033,10176,401515,*Old*,28,4,4,18,7,32,36,89,93,107
2334402,Rockstar f/21 Savage,POST MALONE,2187,3033,10176,400803,White,52,4,8,15,10,27,37,87,90,105
2334402,Rockstar f/21 Savage,POST MALONE,2187,3033,10176,401514,*Young*,52,10,10,13,13,33,21,71,79,82
2708592,good 4 u,RODRIGO  OLIVIA,1610,2131,5296,1,Total,80,4,8,20,11,32,25,76,79,88
2708592,good 4 u,RODRIGO  OLIVIA,1610,2131,5296,317542,*Core*,40,5,5,18,12,30,30,81,86,96
2708592,good 4 u,RODRIGO  OLIVIA,1610,2131,5296,427908,C-CORE (KKRZ/KBFF),80,4,8,20,11,32,25,76,79,88
2708592,good 4 u,RODRIGO  OLIVIA,1610,2131,5296,412840,C-CORE(KBFFCumeKKRZ),25,0,12,20,4,44,20,76,76,86
2708592,good 4 u,RODRIGO  OLIVIA,1610,2131,5296,414328,C-CUME (KBFF),55,4,7,22,9,35,24,75,77,86
2708592,good 4 u,RODRIGO  OLIVIA,1610,2131,5296,427901,C-CUME (KKRZ/HAC-AC),46,4,9,22,4,35,26,76,80,89
2708592,good 4 u,RODRIGO  OLIVIA,1610,2131,5296,427903,C-CUME (KKRZ/KKCW),31,3,6,23,6,35,26,77,80,90
2708592,good 4 u,RODRIGO  OLIVIA,1610,2131,5296,427907,C-CUME (KKRZ/KNRK),15,7,7,13,7,27,40,90,96,110
2708592,good 4 u,RODRIGO  OLIVIA,1610,2131,5296,427902,C-CUME (KKRZ/KRSK),26,4,12,23,8,31,23,69,72,81
2708592,good 4 u,RODRIGO  OLIVIA,1610,2131,5296,427904,C-CUME (KKRZ/KXJM),30,3,3,23,3,40,27,82,84,95
2708592,good 4 u,RODRIGO  OLIVIA,1610,2131,5296,427906,C-CUME (KKRZ/Rock),22,5,0,23,18,41,14,70,74,77
2708592,good 4 u,RODRIGO  OLIVIA,1610,2131,5296,427900,CORE (KKRZcumeKBFF),15,7,0,20,7,33,33,87,93,103
2708592,good 4 u,RODRIGO  OLIVIA,1610,2131,5296,427905,CORE (KKRZcumeKXJM),17,6,0,29,6,35,24,74,78,85
2708592,good 4 u,RODRIGO  OLIVIA,1610,2131,5296,412841,F (16-19),22,5,0,23,9,32,32,84,88,100
2708592,good 4 u,RODRIGO  OLIVIA,1610,2131,5296,412759,F (18-24),43,2,12,21,9,28,28,74,76,88
2708592,good 4 u,RODRIGO  OLIVIA,1610,2131,5296,412412,F (20-24),30,0,17,20,13,30,20,67,67,77
2708592,good 4 u,RODRIGO  OLIVIA,1610,2131,5296,412415,F (20-29),58,3,10,19,12,33,22,72,75,84
2708592,good 4 u,RODRIGO  OLIVIA,1610,2131,5296,412413,F (25-29),28,7,4,18,11,36,25,79,85,91
2708592,good 4 u,RODRIGO  OLIVIA,1610,2131,5296,400756,Hispanic,20,0,10,10,15,55,10,78,78,82
2708592,good 4 u,RODRIGO  OLIVIA,1610,2131,5296,401515,*Old*,28,7,4,18,11,36,25,79,85,91
2708592,good 4 u,RODRIGO  OLIVIA,1610,2131,5296,400803,White,52,6,6,21,12,27,29,76,81,90
2708592,good 4 u,RODRIGO  OLIVIA,1610,2131,5296,401514,*Young*,52,2,10,21,12,31,25,74,75,87
2375969,Psycho f/Ty Dolla $ign,POST MALONE,2353,3202,9675,1,Total,80,1,5,21,15,31,26,78,79,91
2375969,Psycho f/Ty Dolla $ign,POST MALONE,2353,3202,9675,317542,*Core*,40,0,10,20,15,30,25,75,75,88
2375969,Psycho f/Ty Dolla $ign,POST MALONE,2353,3202,9675,427908,C-CORE (KKRZ/KBFF),80,1,5,21,15,31,26,78,79,91
2375969,Psycho f/Ty Dolla $ign,POST MALONE,2353,3202,9675,412840,C-CORE(KBFFCumeKKRZ),25,0,0,28,16,32,24,76,76,88
2375969,Psycho f/Ty Dolla $ign,POST MALONE,2353,3202,9675,414328,C-CUME (KBFF),55,2,0,24,18,31,25,78,80,91
2375969,Psycho f/Ty Dolla $ign,POST MALONE,2353,3202,9675,427901,C-CUME (KKRZ/HAC-AC),46,0,2,26,15,30,26,77,77,90
2375969,Psycho f/Ty Dolla $ign,POST MALONE,2353,3202,9675,427903,C-CUME (KKRZ/KKCW),31,0,3,23,16,32,26,79,79,92
2375969,Psycho f/Ty Dolla $ign,POST MALONE,2353,3202,9675,427907,C-CUME (KKRZ/KNRK),15,0,0,20,13,47,20,83,83,93
2375969,Psycho f/Ty Dolla $ign,POST MALONE,2353,3202,9675,427902,C-CUME (KKRZ/KRSK),26,0,0,27,19,19,35,81,81,98
2375969,Psycho f/Ty Dolla $ign,POST MALONE,2353,3202,9675,427904,C-CUME (KKRZ/KXJM),30,0,7,20,17,33,23,77,77,88
2375969,Psycho f/Ty Dolla $ign,POST MALONE,2353,3202,9675,427906,C-CUME (KKRZ/Rock),22,0,9,14,14,36,27,84,84,98
2375969,Psycho f/Ty Dolla $ign,POST MALONE,2353,3202,9675,427900,CORE (KKRZcumeKBFF),15,0,0,27,27,27,20,70,70,80
2375969,Psycho f/Ty Dolla $ign,POST MALONE,2353,3202,9675,427905,CORE (KKRZcumeKXJM),17,0,12,18,24,29,18,68,68,76
2375969,Psycho f/Ty Dolla $ign,POST MALONE,2353,3202,9675,412841,F (16-19),22,0,5,18,18,41,18,77,77,86
2375969,Psycho f/Ty Dolla $ign,POST MALONE,2353,3202,9675,412759,F (18-24),43,2,9,21,12,26,30,77,79,92
2375969,Psycho f/Ty Dolla $ign,POST MALONE,2353,3202,9675,412412,F (20-24),30,3,10,23,10,23,30,73,76,88
2375969,Psycho f/Ty Dolla $ign,POST MALONE,2353,3202,9675,412415,F (20-29),58,2,5,22,14,28,29,78,80,93
2375969,Psycho f/Ty Dolla $ign,POST MALONE,2353,3202,9675,412413,F (25-29),28,0,0,21,18,32,29,84,84,98
2375969,Psycho f/Ty Dolla $ign,POST MALONE,2353,3202,9675,400756,Hispanic,20,5,5,25,15,45,5,60,63,62
2375969,Psycho f/Ty Dolla $ign,POST MALONE,2353,3202,9675,401515,*Old*,28,0,0,21,18,32,29,84,84,98
2375969,Psycho f/Ty Dolla $ign,POST MALONE,2353,3202,9675,400803,White,52,0,6,19,12,27,37,88,88,106
2375969,Psycho f/Ty Dolla $ign,POST MALONE,2353,3202,9675,401514,*Young*,52,2,8,21,13,31,25,75,76,88
2373737,Love Lies,KHALID X NORMANI,3371,4551,8822,1,Total,80,6,11,15,12,39,16,69,74,78
2373737,Love Lies,KHALID X NORMANI,3371,4551,8822,317542,*Core*,40,2,10,10,20,35,22,79,81,90
2373737,Love Lies,KHALID X NORMANI,3371,4551,8822,427908,C-CORE (KKRZ/KBFF),80,6,11,15,12,39,16,69,74,78
2373737,Love Lies,KHALID X NORMANI,3371,4551,8822,412840,C-CORE(KBFFCumeKKRZ),25,4,12,24,8,48,4,58,60,60
2373737,Love Lies,KHALID X NORMANI,3371,4551,8822,414328,C-CUME (KBFF),55,9,11,20,9,38,13,62,68,68
2373737,Love Lies,KHALID X NORMANI,3371,4551,8822,427901,C-CUME (KKRZ/HAC-AC),46,0,11,17,13,43,15,73,73,80
2373737,Love Lies,KHALID X NORMANI,3371,4551,8822,427903,C-CUME (KKRZ/KKCW),31,0,6,19,10,45,19,79,79,89
2373737,Love Lies,KHALID X NORMANI,3371,4551,8822,427907,C-CUME (KKRZ/KNRK),15,0,7,27,13,27,27,73,73,87
2373737,Love Lies,KHALID X NORMANI,3371,4551,8822,427902,C-CUME (KKRZ/KRSK),26,0,8,19,23,38,12,67,67,73
2373737,Love Lies,KHALID X NORMANI,3371,4551,8822,427904,C-CUME (KKRZ/KXJM),30,3,7,17,17,50,7,68,71,72
2373737,Love Lies,KHALID X NORMANI,3371,4551,8822,427906,C-CUME (KKRZ/Rock),22,9,14,9,14,41,14,68,75,75
2373737,Love Lies,KHALID X NORMANI,3371,4551,8822,427900,CORE (KKRZcumeKBFF),15,7,7,20,20,27,20,67,71,77
2373737,Love Lies,KHALID X NORMANI,3371,4551,8822,427905,CORE (KKRZcumeKXJM),17,0,6,12,24,47,12,76,76,82
2373737,Love Lies,KHALID X NORMANI,3371,4551,8822,412841,F (16-19),22,14,14,36,0,27,9,41,47,45
2373737,Love Lies,KHALID X NORMANI,3371,4551,8822,412759,F (18-24),43,5,14,14,16,37,14,66,70,73
2373737,Love Lies,KHALID X NORMANI,3371,4551,8822,412412,F (20-24),30,0,17,7,23,40,13,72,72,78
2373737,Love Lies,KHALID X NORMANI,3371,4551,8822,412415,F (20-29),58,3,10,7,17,43,19,80,83,90
2373737,Love Lies,KHALID X NORMANI,3371,4551,8822,412413,F (25-29),28,7,4,7,11,46,25,89,96,102
2373737,Love Lies,KHALID X NORMANI,3371,4551,8822,400756,Hispanic,20,5,20,5,15,50,5,65,68,68
2373737,Love Lies,KHALID X NORMANI,3371,4551,8822,401515,*Old*,28,7,4,7,11,46,25,89,96,102
2373737,Love Lies,KHALID X NORMANI,3371,4551,8822,400803,White,52,6,8,17,10,38,21,75,80,86
2373737,Love Lies,KHALID X NORMANI,3371,4551,8822,401514,*Young*,52,6,15,19,13,35,12,59,62,64
2305938,New Rules,LIPA  DUA,3565,4800,10370,1,Total,80,2,6,21,8,39,24,78,80,90
2305938,New Rules,LIPA  DUA,3565,4800,10370,317542,*Core*,40,2,5,18,10,45,20,80,82,90
2305938,New Rules,LIPA  DUA,3565,4800,10370,427908,C-CORE (KKRZ/KBFF),80,2,6,21,8,39,24,78,80,90
2305938,New Rules,LIPA  DUA,3565,4800,10370,412840,C-CORE(KBFFCumeKKRZ),25,0,4,32,4,32,28,76,76,90
2305938,New Rules,LIPA  DUA,3565,4800,10370,414328,C-CUME (KBFF),55,4,5,25,9,33,24,73,75,85
2305938,New Rules,LIPA  DUA,3565,4800,10370,427901,C-CUME (KKRZ/HAC-AC),46,2,4,28,7,41,17,71,72,79
2305938,New Rules,LIPA  DUA,3565,4800,10370,427903,C-CUME (KKRZ/KKCW),31,3,3,29,6,35,23,73,75,84
2305938,New Rules,LIPA  DUA,3565,4800,10370,427907,C-CUME (KKRZ/KNRK),15,0,7,20,20,33,20,73,73,83
2305938,New Rules,LIPA  DUA,3565,4800,10370,427902,C-CUME (KKRZ/KRSK),26,4,4,38,4,35,15,60,62,67
2305938,New Rules,LIPA  DUA,3565,4800,10370,427904,C-CUME (KKRZ/KXJM),30,3,3,23,10,43,17,73,76,82
2305938,New Rules,LIPA  DUA,3565,4800,10370,427906,C-CUME (KKRZ/Rock),22,5,0,23,5,41,27,84,88,98
2305938,New Rules,LIPA  DUA,3565,4800,10370,427900,CORE (KKRZcumeKBFF),15,7,0,27,20,33,13,63,68,70
2305938,New Rules,LIPA  DUA,3565,4800,10370,427905,CORE (KKRZcumeKXJM),17,6,6,18,18,41,12,68,72,74
2305938,New Rules,LIPA  DUA,3565,4800,10370,412841,F (16-19),22,0,5,45,9,23,18,55,55,64
2305938,New Rules,LIPA  DUA,3565,4800,10370,412759,F (18-24),43,0,12,16,12,40,21,77,77,87
2305938,New Rules,LIPA  DUA,3565,4800,10370,412412,F (20-24),30,0,13,13,13,43,17,75,75,83
2305938,New Rules,LIPA  DUA,3565,4800,10370,412415,F (20-29),58,3,7,12,7,45,26,87,90,100
2305938,New Rules,LIPA  DUA,3565,4800,10370,412413,F (25-29),28,7,0,11,0,46,36,100,108,118
2305938,New Rules,LIPA  DUA,3565,4800,10370,400756,Hispanic,20,0,10,35,10,25,20,60,60,70
2305938,New Rules,LIPA  DUA,3565,4800,10370,401515,*Old*,28,7,0,11,0,46,36,100,108,118
2305938,New Rules,LIPA  DUA,3565,4800,10370,400803,White,52,4,6,13,8,42,27,87,90,100
2305938,New Rules,LIPA  DUA,3565,4800,10370,401514,*Young*,52,0,10,27,12,35,17,66,66,75
2584544,Love Again,LIPA  DUA,333,484,813,1,Total,80,26,8,11,11,28,16,58,78,66
2584544,Love Again,LIPA  DUA,333,484,813,317542,*Core*,40,25,12,10,15,25,12,51,68,58
2584544,Love Again,LIPA  DUA,333,484,813,427908,C-CORE (KKRZ/KBFF),80,26,8,11,11,28,16,58,78,66
2584544,Love Again,LIPA  DUA,333,484,813,412840,C-CORE(KBFFCumeKKRZ),25,28,4,12,8,32,16,60,83,68
2584544,Love Again,LIPA  DUA,333,484,813,414328,C-CUME (KBFF),55,31,5,11,5,29,18,59,86,68
2584544,Love Again,LIPA  DUA,333,484,813,427901,C-CUME (KKRZ/HAC-AC),46,33,7,13,13,20,15,49,73,57
2584544,Love Again,LIPA  DUA,333,484,813,427903,C-CUME (KKRZ/KKCW),31,26,6,16,13,16,23,56,76,68
2584544,Love Again,LIPA  DUA,333,484,813,427907,C-CUME (KKRZ/KNRK),15,20,7,13,13,27,20,63,79,73
2584544,Love Again,LIPA  DUA,333,484,813,427902,C-CUME (KKRZ/KRSK),26,35,4,15,12,27,8,44,68,48
2584544,Love Again,LIPA  DUA,333,484,813,427904,C-CUME (KKRZ/KXJM),30,33,3,13,7,37,7,50,75,53
2584544,Love Again,LIPA  DUA,333,484,813,427906,C-CUME (KKRZ/Rock),22,36,9,9,18,27,0,36,57,36
2584544,Love Again,LIPA  DUA,333,484,813,427900,CORE (KKRZcumeKBFF),15,40,13,7,0,27,13,47,78,53
2584544,Love Again,LIPA  DUA,333,484,813,427905,CORE (KKRZcumeKXJM),17,35,6,12,12,29,6,44,68,47
2584544,Love Again,LIPA  DUA,333,484,813,412841,F (16-19),22,41,5,23,0,18,14,39,65,45
2584544,Love Again,LIPA  DUA,333,484,813,412759,F (18-24),43,40,7,7,9,26,12,48,79,53
2584544,Love Again,LIPA  DUA,333,484,813,412412,F (20-24),30,33,10,3,13,27,13,53,80,60
2584544,Love Again,LIPA  DUA,333,484,813,412415,F (20-29),58,21,9,7,16,31,17,65,82,73
2584544,Love Again,LIPA  DUA,333,484,813,412413,F (25-29),28,7,7,11,18,36,21,77,83,88
2584544,Love Again,LIPA  DUA,333,484,813,400756,Hispanic,20,45,10,15,0,15,15,38,68,45
2584544,Love Again,LIPA  DUA,333,484,813,401515,*Old*,28,7,7,11,18,36,21,77,83,88
2584544,Love Again,LIPA  DUA,333,484,813,400803,White,52,19,6,10,13,35,17,67,83,76
2584544,Love Again,LIPA  DUA,333,484,813,401514,*Young*,52,37,8,12,8,23,13,47,74,54
2711121,traitor,RODRIGO  OLIVIA,385,608,1052,1,Total,80,8,5,12,15,38,22,79,85,90
2711121,traitor,RODRIGO  OLIVIA,385,608,1052,317542,*Core*,40,8,2,12,18,32,28,82,89,96
2711121,traitor,RODRIGO  OLIVIA,385,608,1052,427908,C-CORE (KKRZ/KBFF),80,8,5,12,15,38,22,79,85,90
2711121,traitor,RODRIGO  OLIVIA,385,608,1052,412840,C-CORE(KBFFCumeKKRZ),25,8,12,12,12,44,12,68,74,74
2711121,traitor,RODRIGO  OLIVIA,385,608,1052,414328,C-CUME (KBFF),55,7,5,11,15,42,20,79,85,89
2711121,traitor,RODRIGO  OLIVIA,385,608,1052,427901,C-CUME (KKRZ/HAC-AC),46,4,9,15,13,39,20,75,78,85
2711121,traitor,RODRIGO  OLIVIA,385,608,1052,427903,C-CUME (KKRZ/KKCW),31,3,6,16,13,45,16,76,78,84
2711121,traitor,RODRIGO  OLIVIA,385,608,1052,427907,C-CUME (KKRZ/KNRK),15,13,0,7,20,33,27,83,96,97
2711121,traitor,RODRIGO  OLIVIA,385,608,1052,427902,C-CUME (KKRZ/KRSK),26,4,8,15,15,42,15,73,76,81
2711121,traitor,RODRIGO  OLIVIA,385,608,1052,427904,C-CUME (KKRZ/KXJM),30,3,7,10,10,47,23,87,90,98
2711121,traitor,RODRIGO  OLIVIA,385,608,1052,427906,C-CUME (KKRZ/Rock),22,9,0,14,23,36,18,75,82,84
2711121,traitor,RODRIGO  OLIVIA,385,608,1052,427900,CORE (KKRZcumeKBFF),15,7,0,7,20,40,27,90,96,103
2711121,traitor,RODRIGO  OLIVIA,385,608,1052,427905,CORE (KKRZcumeKXJM),17,0,0,12,12,41,35,100,100,118
2711121,traitor,RODRIGO  OLIVIA,385,608,1052,412841,F (16-19),22,5,0,18,5,55,18,84,88,93
2711121,traitor,RODRIGO  OLIVIA,385,608,1052,412759,F (18-24),43,7,5,9,12,33,35,91,98,108
2711121,traitor,RODRIGO  OLIVIA,385,608,1052,412412,F (20-24),30,7,7,10,13,27,37,88,95,107
2711121,traitor,RODRIGO  OLIVIA,385,608,1052,412415,F (20-29),58,9,7,10,19,31,24,77,84,89
2711121,traitor,RODRIGO  OLIVIA,385,608,1052,412413,F (25-29),28,11,7,11,25,36,11,64,72,70
2711121,traitor,RODRIGO  OLIVIA,385,608,1052,400756,Hispanic,20,5,0,5,15,50,25,95,100,108
2711121,traitor,RODRIGO  OLIVIA,385,608,1052,401515,*Old*,28,11,7,11,25,36,11,64,72,70
2711121,traitor,RODRIGO  OLIVIA,385,608,1052,400803,White,52,10,6,12,15,35,23,77,85,88
2711121,traitor,RODRIGO  OLIVIA,385,608,1052,401514,*Young*,52,6,4,13,10,38,29,87,92,101
2723707,Stay,THE KID LAROI & JUST,676,936,2633,1,Total,80,5,12,19,9,24,31,75,79,91
2723707,Stay,THE KID LAROI & JUST,676,936,2633,317542,*Core*,40,2,15,15,10,22,35,80,82,98
2723707,Stay,THE KID LAROI & JUST,676,936,2633,427908,C-CORE (KKRZ/KBFF),80,5,12,19,9,24,31,75,79,91
2723707,Stay,THE KID LAROI & JUST,676,936,2633,412840,C-CORE(KBFFCumeKKRZ),25,0,8,28,8,28,28,74,74,88
2723707,Stay,THE KID LAROI & JUST,676,936,2633,414328,C-CUME (KBFF),55,5,9,24,9,27,25,70,74,83
2723707,Stay,THE KID LAROI & JUST,676,936,2633,427901,C-CUME (KKRZ/HAC-AC),46,4,9,28,9,15,35,72,75,89
2723707,Stay,THE KID LAROI & JUST,676,936,2633,427903,C-CUME (KKRZ/KKCW),31,0,13,32,10,16,29,65,65,79
2723707,Stay,THE KID LAROI & JUST,676,936,2633,427907,C-CUME (KKRZ/KNRK),15,0,0,20,13,27,40,93,93,113
2723707,Stay,THE KID LAROI & JUST,676,936,2633,427902,C-CUME (KKRZ/KRSK),26,4,4,19,12,19,42,88,92,110
2723707,Stay,THE KID LAROI & JUST,676,936,2633,427904,C-CUME (KKRZ/KXJM),30,3,13,23,10,23,27,68,71,82
2723707,Stay,THE KID LAROI & JUST,676,936,2633,427906,C-CUME (KKRZ/Rock),22,5,18,18,18,27,14,57,60,64
2723707,Stay,THE KID LAROI & JUST,676,936,2633,427900,CORE (KKRZcumeKBFF),15,0,7,27,13,33,20,70,70,80
2723707,Stay,THE KID LAROI & JUST,676,936,2633,427905,CORE (KKRZcumeKXJM),17,6,18,24,12,12,29,62,66,76
2723707,Stay,THE KID LAROI & JUST,676,936,2633,412841,F (16-19),22,5,9,23,5,27,32,77,81,93
2723707,Stay,THE KID LAROI & JUST,676,936,2633,412759,F (18-24),43,5,14,19,5,23,35,78,82,95
2723707,Stay,THE KID LAROI & JUST,676,936,2633,412412,F (20-24),30,3,13,17,3,23,40,85,88,105
2723707,Stay,THE KID LAROI & JUST,676,936,2633,412415,F (20-29),58,5,14,17,10,22,31,74,78,90
2723707,Stay,THE KID LAROI & JUST,676,936,2633,412413,F (25-29),28,7,14,18,18,21,21,62,67,73
2723707,Stay,THE KID LAROI & JUST,676,936,2633,400756,Hispanic,20,0,20,25,5,35,15,60,60,68
2723707,Stay,THE KID LAROI & JUST,676,936,2633,401515,*Old*,28,7,14,18,18,21,21,62,67,73
2723707,Stay,THE KID LAROI & JUST,676,936,2633,400803,White,52,8,12,15,8,23,35,79,85,96
2723707,Stay,THE KID LAROI & JUST,676,936,2633,401514,*Young*,52,4,12,19,4,25,37,82,85,100
2552475,Heartless,THE WEEKND,1839,2622,9202,1,Total,80,10,9,22,12,39,8,56,62,60
2552475,Heartless,THE WEEKND,1839,2622,9202,317542,*Core*,40,8,5,20,10,52,5,65,70,68
2552475,Heartless,THE WEEKND,1839,2622,9202,427908,C-CORE (KKRZ/KBFF),80,10,9,22,12,39,8,56,62,60
2552475,Heartless,THE WEEKND,1839,2622,9202,412840,C-CORE(KBFFCumeKKRZ),25,8,12,28,16,24,12,50,54,56
2552475,Heartless,THE WEEKND,1839,2622,9202,414328,C-CUME (KBFF),55,11,11,24,15,33,7,51,57,55
2552475,Heartless,THE WEEKND,1839,2622,9202,427901,C-CUME (KKRZ/HAC-AC),46,7,9,26,9,41,9,59,63,63
2552475,Heartless,THE WEEKND,1839,2622,9202,427903,C-CUME (KKRZ/KKCW),31,6,6,13,6,55,13,77,83,84
2552475,Heartless,THE WEEKND,1839,2622,9202,427907,C-CUME (KKRZ/KNRK),15,20,7,7,13,47,7,63,79,67
2552475,Heartless,THE WEEKND,1839,2622,9202,427902,C-CUME (KKRZ/KRSK),26,8,8,38,12,35,0,40,44,40
2552475,Heartless,THE WEEKND,1839,2622,9202,427904,C-CUME (KKRZ/KXJM),30,3,13,17,13,47,7,63,66,67
2552475,Heartless,THE WEEKND,1839,2622,9202,427906,C-CUME (KKRZ/Rock),22,9,9,14,9,59,0,64,70,64
2552475,Heartless,THE WEEKND,1839,2622,9202,427900,CORE (KKRZcumeKBFF),15,7,7,20,13,53,0,60,64,60
2552475,Heartless,THE WEEKND,1839,2622,9202,427905,CORE (KKRZcumeKXJM),17,0,6,18,12,59,6,74,74,76
2552475,Heartless,THE WEEKND,1839,2622,9202,412841,F (16-19),22,5,5,23,0,59,9,73,76,77
2552475,Heartless,THE WEEKND,1839,2622,9202,412759,F (18-24),43,12,7,23,16,33,9,55,62,59
2552475,Heartless,THE WEEKND,1839,2622,9202,412412,F (20-24),30,17,10,20,23,23,7,45,54,48
2552475,Heartless,THE WEEKND,1839,2622,9202,412415,F (20-29),58,12,10,22,17,31,7,50,57,53
2552475,Heartless,THE WEEKND,1839,2622,9202,412413,F (25-29),28,7,11,25,11,39,7,55,60,59
2552475,Heartless,THE WEEKND,1839,2622,9202,400756,Hispanic,20,15,0,20,0,55,10,70,82,75
2552475,Heartless,THE WEEKND,1839,2622,9202,401515,*Old*,28,7,11,25,11,39,7,55,60,59
2552475,Heartless,THE WEEKND,1839,2622,9202,400803,White,52,10,10,21,19,33,8,54,60,58
2552475,Heartless,THE WEEKND,1839,2622,9202,401514,*Young*,52,12,8,21,13,38,8,57,64,61
2710557,Leave Before You Love Me,MARSHMELLO F/JONAS B,511,770,1757,1,Total,80,19,9,18,18,29,9,51,62,55
2710557,Leave Before You Love Me,MARSHMELLO F/JONAS B,511,770,1757,317542,*Core*,40,18,10,18,18,30,8,50,61,54
2710557,Leave Before You Love Me,MARSHMELLO F/JONAS B,511,770,1757,427908,C-CORE (KKRZ/KBFF),80,19,9,18,18,29,9,51,62,55
2710557,Leave Before You Love Me,MARSHMELLO F/JONAS B,511,770,1757,412840,C-CORE(KBFFCumeKKRZ),25,28,0,16,16,36,4,50,69,52
2710557,Leave Before You Love Me,MARSHMELLO F/JONAS B,511,770,1757,414328,C-CUME (KBFF),55,18,7,20,15,29,11,53,64,58
2710557,Leave Before You Love Me,MARSHMELLO F/JONAS B,511,770,1757,427901,C-CUME (KKRZ/HAC-AC),46,20,4,22,17,33,4,48,59,50
2710557,Leave Before You Love Me,MARSHMELLO F/JONAS B,511,770,1757,427903,C-CUME (KKRZ/KKCW),31,10,6,19,16,42,6,60,66,63
2710557,Leave Before You Love Me,MARSHMELLO F/JONAS B,511,770,1757,427907,C-CUME (KKRZ/KNRK),15,7,7,13,20,40,13,70,75,77
2710557,Leave Before You Love Me,MARSHMELLO F/JONAS B,511,770,1757,427902,C-CUME (KKRZ/KRSK),26,31,4,19,19,23,4,38,56,40
2710557,Leave Before You Love Me,MARSHMELLO F/JONAS B,511,770,1757,427904,C-CUME (KKRZ/KXJM),30,27,7,20,7,37,3,45,61,47
2710557,Leave Before You Love Me,MARSHMELLO F/JONAS B,511,770,1757,427906,C-CUME (KKRZ/Rock),22,14,18,18,23,23,5,41,47,43
2710557,Leave Before You Love Me,MARSHMELLO F/JONAS B,511,770,1757,427900,CORE (KKRZcumeKBFF),15,13,7,27,7,33,13,57,65,63
2710557,Leave Before You Love Me,MARSHMELLO F/JONAS B,511,770,1757,427905,CORE (KKRZcumeKXJM),17,18,12,18,6,41,6,53,64,56
2710557,Leave Before You Love Me,MARSHMELLO F/JONAS B,511,770,1757,412841,F (16-19),22,9,0,32,23,36,0,48,52,48
2710557,Leave Before You Love Me,MARSHMELLO F/JONAS B,511,770,1757,412759,F (18-24),43,23,12,16,19,26,5,42,55,44
2710557,Leave Before You Love Me,MARSHMELLO F/JONAS B,511,770,1757,412412,F (20-24),30,27,17,13,13,23,7,40,55,43
2710557,Leave Before You Love Me,MARSHMELLO F/JONAS B,511,770,1757,412415,F (20-29),58,22,12,12,16,26,12,52,67,58
2710557,Leave Before You Love Me,MARSHMELLO F/JONAS B,511,770,1757,412413,F (25-29),28,18,7,11,18,29,18,64,78,73
2710557,Leave Before You Love Me,MARSHMELLO F/JONAS B,511,770,1757,400756,Hispanic,20,15,10,25,15,30,5,45,53,48
2710557,Leave Before You Love Me,MARSHMELLO F/JONAS B,511,770,1757,401515,*Old*,28,18,7,11,18,29,18,64,78,73
2710557,Leave Before You Love Me,MARSHMELLO F/JONAS B,511,770,1757,400803,White,52,19,10,13,19,27,12,54,67,60
2710557,Leave Before You Love Me,MARSHMELLO F/JONAS B,511,770,1757,401514,*Young*,52,19,10,21,17,29,4,43,54,45
2720462,Bad Habits,SHEERAN  ED,754,1090,3314,1,Total,80,8,18,14,15,20,26,67,72,80
2720462,Bad Habits,SHEERAN  ED,754,1090,3314,317542,*Core*,40,10,12,8,12,22,35,81,90,99
2720462,Bad Habits,SHEERAN  ED,754,1090,3314,427908,C-CORE (KKRZ/KBFF),80,8,18,14,15,20,26,67,72,80
2720462,Bad Habits,SHEERAN  ED,754,1090,3314,412840,C-CORE(KBFFCumeKKRZ),25,4,24,24,12,24,12,48,50,54
2720462,Bad Habits,SHEERAN  ED,754,1090,3314,414328,C-CUME (KBFF),55,5,16,16,16,18,27,67,71,81
2720462,Bad Habits,SHEERAN  ED,754,1090,3314,427901,C-CUME (KKRZ/HAC-AC),46,7,22,15,9,20,28,66,71,80
2720462,Bad Habits,SHEERAN  ED,754,1090,3314,427903,C-CUME (KKRZ/KKCW),31,3,23,16,10,16,32,69,72,85
2720462,Bad Habits,SHEERAN  ED,754,1090,3314,427907,C-CUME (KKRZ/KNRK),15,0,20,13,13,13,40,80,80,100
2720462,Bad Habits,SHEERAN  ED,754,1090,3314,427902,C-CUME (KKRZ/KRSK),26,12,15,15,4,23,31,71,80,87
2720462,Bad Habits,SHEERAN  ED,754,1090,3314,427904,C-CUME (KKRZ/KXJM),30,10,13,10,10,27,30,77,85,92
2720462,Bad Habits,SHEERAN  ED,754,1090,3314,427906,C-CUME (KKRZ/Rock),22,5,14,9,18,18,36,82,86,100
2720462,Bad Habits,SHEERAN  ED,754,1090,3314,427900,CORE (KKRZcumeKBFF),15,7,0,7,13,20,53,107,114,133
2720462,Bad Habits,SHEERAN  ED,754,1090,3314,427905,CORE (KKRZcumeKXJM),17,18,6,6,12,18,41,85,104,106
2720462,Bad Habits,SHEERAN  ED,754,1090,3314,412841,F (16-19),22,5,14,23,14,18,27,66,69,80
2720462,Bad Habits,SHEERAN  ED,754,1090,3314,412759,F (18-24),43,9,16,12,14,23,26,69,76,81
2720462,Bad Habits,SHEERAN  ED,754,1090,3314,412412,F (20-24),30,13,20,10,13,20,23,62,71,73
2720462,Bad Habits,SHEERAN  ED,754,1090,3314,412415,F (20-29),58,9,19,10,16,21,26,67,74,80
2720462,Bad Habits,SHEERAN  ED,754,1090,3314,412413,F (25-29),28,4,18,11,18,21,29,73,76,88
2720462,Bad Habits,SHEERAN  ED,754,1090,3314,400756,Hispanic,20,20,10,25,5,15,25,55,69,68
2720462,Bad Habits,SHEERAN  ED,754,1090,3314,401515,*Old*,28,4,18,11,18,21,29,73,76,88
2720462,Bad Habits,SHEERAN  ED,754,1090,3314,400803,White,52,4,21,10,17,21,27,70,73,84
2720462,Bad Habits,SHEERAN  ED,754,1090,3314,401514,*Young*,52,10,17,15,13,19,25,63,70,76
2524291,Hot Girl Bummer,BLACKBEAR,3609,4962,7367,1,Total,80,1,8,26,10,32,22,71,72,82
2524291,Hot Girl Bummer,BLACKBEAR,3609,4962,7367,317542,*Core*,40,0,8,15,8,35,35,91,91,109
2524291,Hot Girl Bummer,BLACKBEAR,3609,4962,7367,427908,C-CORE (KKRZ/KBFF),80,1,8,26,10,32,22,71,72,82
2524291,Hot Girl Bummer,BLACKBEAR,3609,4962,7367,412840,C-CORE(KBFFCumeKKRZ),25,0,0,36,16,40,8,60,60,64
2524291,Hot Girl Bummer,BLACKBEAR,3609,4962,7367,414328,C-CUME (KBFF),55,2,7,31,9,31,20,65,67,75
2524291,Hot Girl Bummer,BLACKBEAR,3609,4962,7367,427901,C-CUME (KKRZ/HAC-AC),46,0,2,30,7,41,20,74,74,84
2524291,Hot Girl Bummer,BLACKBEAR,3609,4962,7367,427903,C-CUME (KKRZ/KKCW),31,0,3,23,10,42,23,81,81,92
2524291,Hot Girl Bummer,BLACKBEAR,3609,4962,7367,427907,C-CUME (KKRZ/KNRK),15,0,7,20,13,13,47,90,90,113
2524291,Hot Girl Bummer,BLACKBEAR,3609,4962,7367,427902,C-CUME (KKRZ/KRSK),26,0,0,31,4,46,19,77,77,87
2524291,Hot Girl Bummer,BLACKBEAR,3609,4962,7367,427904,C-CUME (KKRZ/KXJM),30,0,0,20,10,43,27,88,88,102
2524291,Hot Girl Bummer,BLACKBEAR,3609,4962,7367,427906,C-CUME (KKRZ/Rock),22,0,9,14,18,36,23,80,80,91
2524291,Hot Girl Bummer,BLACKBEAR,3609,4962,7367,427900,CORE (KKRZcumeKBFF),15,0,7,13,0,33,47,103,103,127
2524291,Hot Girl Bummer,BLACKBEAR,3609,4962,7367,427905,CORE (KKRZcumeKXJM),17,0,0,18,6,41,35,97,97,115
2524291,Hot Girl Bummer,BLACKBEAR,3609,4962,7367,412841,F (16-19),22,0,14,23,18,23,23,66,66,77
2524291,Hot Girl Bummer,BLACKBEAR,3609,4962,7367,412759,F (18-24),43,0,9,30,14,26,21,64,64,74
2524291,Hot Girl Bummer,BLACKBEAR,3609,4962,7367,412412,F (20-24),30,0,7,30,10,33,20,68,68,78
2524291,Hot Girl Bummer,BLACKBEAR,3609,4962,7367,412415,F (20-29),58,2,5,28,7,36,22,73,75,84
2524291,Hot Girl Bummer,BLACKBEAR,3609,4962,7367,412413,F (25-29),28,4,4,25,4,39,25,79,81,91
2524291,Hot Girl Bummer,BLACKBEAR,3609,4962,7367,400756,Hispanic,20,0,15,25,5,35,20,68,68,78
2524291,Hot Girl Bummer,BLACKBEAR,3609,4962,7367,401515,*Old*,28,4,4,25,4,39,25,79,81,91
2524291,Hot Girl Bummer,BLACKBEAR,3609,4962,7367,400803,White,52,2,6,29,12,29,23,69,71,81
2524291,Hot Girl Bummer,BLACKBEAR,3609,4962,7367,401514,*Young*,52,0,10,27,13,29,21,67,67,78
2720292,You Right f/The Weeknd,DOJA CAT,522,789,2676,1,Total,80,20,6,14,10,28,22,66,83,78
2720292,You Right f/The Weeknd,DOJA CAT,522,789,2676,317542,*Core*,40,18,10,8,10,25,30,75,91,90
2720292,You Right f/The Weeknd,DOJA CAT,522,789,2676,427908,C-CORE (KKRZ/KBFF),80,20,6,14,10,28,22,66,83,78
2720292,You Right f/The Weeknd,DOJA CAT,522,789,2676,412840,C-CORE(KBFFCumeKKRZ),25,28,4,24,12,24,8,42,58,46
2720292,You Right f/The Weeknd,DOJA CAT,522,789,2676,414328,C-CUME (KBFF),55,20,4,15,9,29,24,69,86,81
2720292,You Right f/The Weeknd,DOJA CAT,522,789,2676,427901,C-CUME (KKRZ/HAC-AC),46,24,7,15,11,24,20,59,77,68
2720292,You Right f/The Weeknd,DOJA CAT,522,789,2676,427903,C-CUME (KKRZ/KKCW),31,23,3,10,10,26,29,74,96,89
2720292,You Right f/The Weeknd,DOJA CAT,522,789,2676,427907,C-CUME (KKRZ/KNRK),15,20,7,7,20,20,27,70,88,83
2720292,You Right f/The Weeknd,DOJA CAT,522,789,2676,427902,C-CUME (KKRZ/KRSK),26,27,8,23,12,15,15,44,61,52
2720292,You Right f/The Weeknd,DOJA CAT,522,789,2676,427904,C-CUME (KKRZ/KXJM),30,17,3,17,7,30,27,73,88,87
2720292,You Right f/The Weeknd,DOJA CAT,522,789,2676,427906,C-CUME (KKRZ/Rock),22,9,14,18,0,32,27,73,80,86
2720292,You Right f/The Weeknd,DOJA CAT,522,789,2676,427900,CORE (KKRZcumeKBFF),15,13,7,0,7,27,47,100,115,123
2720292,You Right f/The Weeknd,DOJA CAT,522,789,2676,427905,CORE (KKRZcumeKXJM),17,24,6,6,6,18,41,82,108,103
2720292,You Right f/The Weeknd,DOJA CAT,522,789,2676,412841,F (16-19),22,14,0,14,9,36,27,82,95,95
2720292,You Right f/The Weeknd,DOJA CAT,522,789,2676,412759,F (18-24),43,19,7,9,12,28,26,72,89,85
2720292,You Right f/The Weeknd,DOJA CAT,522,789,2676,412412,F (20-24),30,20,10,13,17,17,23,60,75,72
2720292,You Right f/The Weeknd,DOJA CAT,522,789,2676,412415,F (20-29),58,22,9,14,10,24,21,60,78,71
2720292,You Right f/The Weeknd,DOJA CAT,522,789,2676,412413,F (25-29),28,25,7,14,4,32,18,61,81,70
2720292,You Right f/The Weeknd,DOJA CAT,522,789,2676,400756,Hispanic,20,20,0,10,10,35,25,78,97,90
2720292,You Right f/The Weeknd,DOJA CAT,522,789,2676,401515,*Old*,28,25,7,14,4,32,18,61,81,70
2720292,You Right f/The Weeknd,DOJA CAT,522,789,2676,400803,White,52,23,10,13,10,23,21,60,78,70
2720292,You Right f/The Weeknd,DOJA CAT,522,789,2676,401514,*Young*,52,17,6,13,13,25,25,69,84,82
2620824,Mood f/Iann Dior,24KGOLDN,2502,3365,14261,1,Total,80,1,20,19,14,26,20,63,64,73
2620824,Mood f/Iann Dior,24KGOLDN,2502,3365,14261,317542,*Core*,40,2,20,18,5,32,22,69,71,80
2620824,Mood f/Iann Dior,24KGOLDN,2502,3365,14261,427908,C-CORE (KKRZ/KBFF),80,1,20,19,14,26,20,63,64,73
2620824,Mood f/Iann Dior,24KGOLDN,2502,3365,14261,412840,C-CORE(KBFFCumeKKRZ),25,0,16,20,16,24,24,68,68,80
2620824,Mood f/Iann Dior,24KGOLDN,2502,3365,14261,414328,C-CUME (KBFF),55,0,18,22,16,24,20,62,62,72
2620824,Mood f/Iann Dior,24KGOLDN,2502,3365,14261,427901,C-CUME (KKRZ/HAC-AC),46,0,20,22,11,33,15,61,61,68
2620824,Mood f/Iann Dior,24KGOLDN,2502,3365,14261,427903,C-CUME (KKRZ/KKCW),31,0,23,26,3,29,19,60,60,69
2620824,Mood f/Iann Dior,24KGOLDN,2502,3365,14261,427907,C-CUME (KKRZ/KNRK),15,7,20,13,13,20,27,67,71,80
2620824,Mood f/Iann Dior,24KGOLDN,2502,3365,14261,427902,C-CUME (KKRZ/KRSK),26,0,12,19,19,35,15,67,67,75
2620824,Mood f/Iann Dior,24KGOLDN,2502,3365,14261,427904,C-CUME (KKRZ/KXJM),30,0,10,27,13,33,17,65,65,73
2620824,Mood f/Iann Dior,24KGOLDN,2502,3365,14261,427906,C-CUME (KKRZ/Rock),22,0,27,14,5,36,18,66,66,75
2620824,Mood f/Iann Dior,24KGOLDN,2502,3365,14261,427900,CORE (KKRZcumeKBFF),15,0,13,27,0,33,27,73,73,87
2620824,Mood f/Iann Dior,24KGOLDN,2502,3365,14261,427905,CORE (KKRZcumeKXJM),17,0,12,29,12,35,12,59,59,65
2620824,Mood f/Iann Dior,24KGOLDN,2502,3365,14261,412841,F (16-19),22,0,9,23,18,36,14,66,66,73
2620824,Mood f/Iann Dior,24KGOLDN,2502,3365,14261,412759,F (18-24),43,2,19,26,14,28,12,52,54,58
2620824,Mood f/Iann Dior,24KGOLDN,2502,3365,14261,412412,F (20-24),30,3,27,23,13,23,10,45,47,50
2620824,Mood f/Iann Dior,24KGOLDN,2502,3365,14261,412415,F (20-29),58,2,24,17,12,22,22,62,63,73
2620824,Mood f/Iann Dior,24KGOLDN,2502,3365,14261,412413,F (25-29),28,0,21,11,11,21,36,80,80,98
2620824,Mood f/Iann Dior,24KGOLDN,2502,3365,14261,400756,Hispanic,20,5,15,40,10,20,10,40,42,45
2620824,Mood f/Iann Dior,24KGOLDN,2502,3365,14261,401515,*Old*,28,0,21,11,11,21,36,80,80,98
2620824,Mood f/Iann Dior,24KGOLDN,2502,3365,14261,400803,White,52,0,25,10,15,27,23,69,69,81
2620824,Mood f/Iann Dior,24KGOLDN,2502,3365,14261,401514,*Young*,52,2,19,23,15,29,12,54,55,60
